timestamp,SONAR,TIMON,ARPEGIATOR,MIC_BUTTON,SERES_ISLA,SLIDE_RIBBON,CUEVA_SEL,SW,POT,SELVA_ONE_SHOT,SELVA_SEL,JOY_X,JOY_Y,BPM,TEMPO,PUENTE,LORITO
1780572044.52104,0,0,1,0,0,0,0,1,0,0,858,243,0,1,0,0,0,1,0,0,0,0,0,0,0,0,0,0,0,1,0,0,0,0,0,220,10583,1,28,"0
",0,0,0,0,0,0,0,0,0,0
1780572045.023069,0,0,1,1,0,0,0,1,0,0,858,242,0,1,0,0,0,1,0,0,0,0,0,0,0,0,0,0,0,1,0,0,0,0,0,220,10583,-1,25,"1
",0,0,0,0,0,0,0,0,0,0
1780572045.525098,0,0,1,0,0,0,0,1,0,0,858,241,0,1,0,0,0,1,0,0,0,0,0,0,0,0,0,0,0,1,0,0,0,0,0,220,10583,2,27,"2
",0,0,0,0,0,0,0,0,0,0
1780572046.027126,0,0,1,0,0,0,0,1,0,0,859,242,0,1,0,0,0,1,0,0,0,0,0,0,0,0,0,0,0,1,0,0,0,0,0,220,10583,3,27,"3
",0,0,0,0,0,0,0,0,0,0
1780572046.532155,0,0,1,0,0,0,0,1,0,0,858,242,0,1,0,0,0,1,0,0,0,0,0,0,0,0,0,0,0,1,0,0,0,0,0,220,10583,4,27,"4
",0,0,0,0,0,0,0,0,0,0
1780572047.034184,0,0,1,1,0,0,0,1,0,0,858,241,0,1,0,0,0,1,0,0,0,0,0,0,0,0,0,0,0,1,0,0,0,0,0,220,10583,5,27,"5
",0,0,0,0,0,0,0,0,0,0
1780572047.536213,0,0,1,1,0,0,0,1,0,0,858,241,0,1,0,0,0,1,0,0,0,0,0,0,0,0,0,0,0,1,0,0,0,0,0,220,10583,0,27,"6
",0,0,0,0,0,0,0,0,0,0
1780572048.038241,0,0,1,1,0,0,0,1,0,0,858,227,0,1,0,0,0,1,0,0,0,0,0,0,0,0,0,0,0,1,0,0,0,0,0,220,10583,1,27,"7
",0,0,0,0,0,0,0,0,0,0
1780572048.54027,0,0,1,1,0,0,0,1,0,0,858,241,0,1,0,0,0,1,0,0,0,0,0,0,0,0,0,0,0,1,0,0,0,0,0,220,10583,2,27,"8
",0,0,0,0,0,0,0,0,0,0
1780572049.042299,0,0,1,0,0,0,0,1,0,0,858,242,0,1,0,0,0,1,0,0,0,0,0,0,0,0,0,0,0,1,0,0,0,0,0,220,10583,3,27,"9
",0,0,0,0,0,0,0,0,0,0
1780572049.544328,0,0,1,0,0,0,0,1,0,0,858,241,0,1,0,0,0,1,0,0,0,0,0,0,0,0,0,0,0,1,0,0,0,0,0,220,10583,4,27,"10
",0,0,0,0,0,0,0,0,0,0
1780572050.046356,0,0,1,0,0,0,0,1,0,0,858,241,0,1,0,0,0,1,0,0,0,0,0,0,0,0,0,0,0,1,0,0,0,0,0,220,10583,5,27,"11
",0,0,0,0,0,0,0,0,0,0
1780572050.548385,0,0,1,0,0,0,0,1,0,0,858,241,0,1,0,0,0,1,0,0,0,0,0,0,0,0,0,0,0,1,0,0,0,0,0,220,10583,0,27,"12
",0,0,0,0,0,0,0,0,0,0
1780572051.050414,0,0,1,1,0,0,0,1,0,0,858,241,0,1,0,0,0,1,0,0,0,0,0,0,0,0,0,0,0,1,0,0,0,0,0,220,10583,1,27,"13
",0,0,0,0,0,0,0,0,0,0
1780572051.552442,0,0,1,1,0,0,0,1,0,0,858,243,0,1,0,0,0,1,0,0,0,0,0,0,0,0,0,0,0,1,0,0,0,0,0,220,10583,2,27,"14
",0,0,0,0,0,0,0,0,0,0
1780572052.054471,0,0,1,1,0,0,0,1,0,0,859,228,0,1,0,0,0,1,0,0,0,0,0,0,0,0,0,0,0,1,0,0,0,0,0,220,10583,3,27,"15
",0,0,0,0,0,0,0,0,0,0
1780572052.5565,0,0,1,1,0,0,0,1,0,0,858,241,0,1,0,0,0,1,0,0,0,0,0,0,0,0,0,0,0,1,0,0,0,0,0,220,10583,4,27,"16
",0,0,0,0,0,0,0,0,0,0
1780572053.058529,0,0,1,0,0,0,0,1,0,0,857,241,0,1,0,0,0,1,0,0,0,0,0,0,0,0,0,0,0,1,0,0,0,0,0,220,10583,5,27,"17
",0,0,0,0,0,0,0,0,0,0
1780572053.560557,0,0,1,0,0,0,0,1,0,0,858,241,0,1,0,0,0,1,0,0,0,0,0,0,0,0,0,0,0,1,0,0,0,0,0,220,10583,0,27,"18
",0,0,0,0,0,0,0,0,0,0
1780572054.062586,0,0,1,0,0,0,0,1,0,0,858,228,0,1,0,0,0,1,0,0,0,0,0,0,0,0,0,0,0,1,0,0,0,0,0,220,10583,1,27,"19
",0,0,0,0,0,0,0,0,0,0
1780572054.564615,0,0,1,0,0,0,0,1,0,0,858,241,0,1,0,0,0,1,0,0,0,0,0,0,0,0,0,0,0,1,0,0,0,0,0,220,10583,2,27,"20
",0,0,0,0,0,0,0,0,0,0
1780572055.066643,0,0,1,0,0,0,0,1,0,0,859,242,0,1,0,0,0,1,0,0,0,0,0,0,0,0,0,0,0,1,0,0,0,0,0,220,10583,3,27,"21
",0,0,0,0,0,0,0,0,0,0
1780572055.568672,0,0,1,1,0,0,0,1,0,0,858,228,0,1,0,0,0,1,0,0,0,0,0,0,0,0,0,0,0,1,0,0,0,0,0,220,10583,4,27,"22
",0,0,0,0,0,0,0,0,0,0
1780572056.070701,0,0,1,1,0,0,0,1,0,0,858,242,0,1,0,0,0,1,0,0,0,0,0,0,0,0,0,0,0,1,0,0,0,0,0,220,10583,5,27,"23
",0,0,0,0,0,0,0,0,0,0
1780572056.57273,0,0,1,1,0,0,0,1,0,0,858,228,0,1,0,0,0,1,0,0,0,0,0,0,0,0,0,0,0,1,0,0,0,0,0,220,10583,0,27,"24
",0,0,0,0,0,0,0,0,0,0
1780572057.074758,0,0,1,1,0,0,0,1,0,0,858,228,0,1,0,0,0,1,0,0,0,0,0,0,0,0,0,0,0,1,0,0,0,0,0,220,10583,1,27,"25
",0,0,0,0,0,0,0,0,0,0
1780572057.576787,0,0,1,0,0,0,0,1,0,0,858,242,0,1,0,0,0,1,0,0,0,0,0,0,0,0,0,0,0,1,0,0,0,0,0,220,10583,2,27,"26
",0,0,0,0,0,0,0,0,0,0
1780572058.078816,0,0,1,0,0,0,0,1,0,0,858,229,0,1,0,0,0,1,0,0,0,0,0,0,0,0,0,0,0,1,0,0,0,0,0,220,10583,3,27,"27
",0,0,0,0,0,0,0,0,0,0
1780572058.580844,0,0,1,0,0,0,0,1,0,0,858,243,0,1,0,0,0,1,0,0,0,0,0,0,0,0,0,0,0,1,0,0,0,0,0,220,10583,4,27,"28
",0,0,0,0,0,0,0,0,0,0
1780572059.082873,0,0,1,0,0,0,0,1,0,0,858,228,0,1,0,0,0,1,0,0,0,0,0,0,0,0,0,0,0,1,0,0,0,0,0,220,10583,5,27,"29
",0,0,0,0,0,0,0,0,0,0
1780572059.584902,0,0,1,1,0,0,0,1,0,0,857,242,0,1,0,0,0,1,0,0,0,0,0,0,0,0,0,0,0,1,0,0,0,0,0,220,10583,0,27,"30
",0,0,0,0,0,0,0,0,0,0
1780572060.086931,0,0,1,1,0,0,0,1,0,0,858,242,0,1,0,0,0,1,0,0,0,0,0,0,0,0,0,0,0,1,0,0,0,0,0,220,10583,1,27,"31
",0,0,0,0,0,0,0,0,0,0
1780572060.588959,0,0,1,1,0,0,0,1,0,0,858,241,0,1,0,0,0,1,0,0,0,0,0,0,0,0,0,0,0,1,0,0,0,0,0,220,10583,2,27,"32
",0,0,0,0,0,0,0,0,0,0
1780572061.090988,0,0,1,1,0,0,0,1,0,0,859,241,0,1,0,0,0,1,0,0,0,0,0,0,0,0,0,0,0,1,0,0,0,0,0,220,10583,3,27,"33
",0,0,0,0,0,0,0,0,0,0
1780572061.593017,0,0,1,0,0,0,0,1,0,0,858,228,0,1,0,0,0,1,0,0,0,0,0,0,0,0,0,0,0,1,0,0,0,0,0,220,10583,4,27,"34
",0,0,0,0,0,0,0,0,0,0
1780572062.095045,0,0,1,0,0,0,0,1,0,0,858,242,0,1,0,0,0,1,0,0,0,0,0,0,0,0,0,0,0,1,0,0,0,0,0,220,10583,5,27,"35
",0,0,0,0,0,0,0,0,0,0
1780572062.597074,0,0,1,0,0,0,0,1,0,0,858,242,0,1,0,0,0,1,0,0,0,0,0,0,0,0,0,0,0,1,0,0,0,0,0,220,10583,0,27,"36
",0,0,0,0,0,0,0,0,0,0
1780572063.099103,0,0,1,0,0,0,0,1,0,0,857,243,0,1,0,0,0,1,0,0,0,0,0,0,0,0,0,0,0,1,0,0,0,0,0,220,10583,1,27,"37
",0,0,0,0,0,0,0,0,0,0
1780572063.601132,0,0,1,0,0,0,0,1,0,0,858,243,0,1,0,0,0,1,0,0,0,0,0,0,0,0,0,0,0,1,0,0,0,0,0,220,10583,2,27,"38
",0,0,0,0,0,0,0,0,0,0
1780572064.10316,0,0,1,1,0,0,0,1,0,0,859,227,0,1,0,0,0,1,0,0,0,0,0,0,0,0,0,0,0,1,0,0,0,0,0,220,10583,3,27,"39
",0,0,0,0,0,0,0,0,0,0
1780572064.605189,0,0,1,1,0,0,0,1,0,0,858,241,0,1,0,0,0,1,0,0,0,0,0,0,0,0,0,0,0,1,0,0,0,0,0,220,10583,4,27,"40
",0,0,0,0,0,0,0,0,0,0
1780572065.107218,0,0,1,1,0,0,0,1,0,0,858,241,0,1,0,0,0,1,0,0,0,0,0,0,0,0,0,0,0,1,0,0,0,0,0,220,10583,5,27,"41
",0,0,0,0,0,0,0,0,0,0
1780572065.609246,0,0,1,1,0,0,0,1,0,0,858,241,0,1,0,0,0,1,0,0,0,0,0,0,0,0,0,0,0,1,0,0,0,0,0,220,10583,0,27,"42
",0,0,0,0,0,0,0,0,0,0
1780572066.111275,0,0,1,0,0,0,0,1,0,0,857,242,0,1,0,0,0,1,0,0,0,0,0,0,0,0,0,0,0,1,0,0,0,0,0,220,10583,1,27,"43
",0,0,0,0,0,0,0,0,0,0
1780572066.613304,0,0,1,0,0,0,0,1,0,0,858,228,0,1,0,0,0,1,0,0,0,0,0,0,0,0,0,0,0,1,0,0,0,0,0,220,10583,2,27,"44
",0,0,0,0,0,0,0,0,0,0
1780572067.115333,0,0,1,0,0,0,0,1,0,0,859,242,0,1,0,0,0,1,0,0,0,0,0,0,0,0,0,0,0,1,0,0,0,0,0,220,10583,3,27,"45
",0,0,0,0,0,0,0,0,0,0
1780572067.617361,0,0,1,0,0,0,0,1,0,0,858,242,0,1,0,0,0,1,0,0,0,0,0,0,0,0,0,0,0,1,0,0,0,0,0,220,10583,4,27,"46
",0,0,0,0,0,0,0,0,0,0
1780572068.11939,0,0,1,0,0,0,0,1,0,0,858,243,0,1,0,0,0,1,0,0,0,0,0,0,0,0,0,0,0,1,0,0,0,0,0,220,10583,5,27,"47
",0,0,0,0,0,0,0,0,0,0
1780572068.621419,0,0,1,1,0,0,0,1,0,0,858,242,0,1,0,0,0,1,0,0,0,0,0,0,0,0,0,0,0,1,0,0,0,0,0,220,10583,0,27,"48
",0,0,0,0,0,0,0,0,0,0
1780572069.123447,0,0,1,1,0,0,0,1,0,0,858,227,0,1,0,0,0,1,0,0,0,0,0,0,0,0,0,0,0,1,0,0,0,0,0,220,10583,1,27,"49
",0,0,0,0,0,0,0,0,0,0
1780572069.625476,0,0,1,1,0,0,0,1,0,0,858,243,0,1,0,0,0,1,0,0,0,0,0,0,0,0,0,0,0,1,0,0,0,0,0,220,10583,2,27,"50
",0,0,0,0,0,0,0,0,0,0
1780572070.127505,0,0,1,1,0,0,0,1,0,0,859,242,0,1,0,0,0,1,0,0,0,0,0,0,0,0,0,0,0,1,0,0,0,0,0,220,10583,3,27,"51
",0,0,0,0,0,0,0,0,0,0
1780572070.629534,0,0,1,0,0,0,0,1,0,0,858,242,0,1,0,0,0,1,0,0,0,0,0,0,0,0,0,0,0,1,0,0,0,0,0,220,10583,4,27,"52
",0,0,0,0,0,0,0,0,0,0
1780572071.131562,0,0,1,0,0,0,0,1,0,0,857,241,0,1,0,0,0,1,0,0,0,0,0,0,0,0,0,0,0,1,0,0,0,0,0,220,10583,5,27,"53
",0,0,0,0,0,0,0,0,0,0
1780572071.633591,0,0,1,0,0,0,0,1,0,0,858,242,0,1,0,0,0,1,0,0,0,0,0,0,0,0,0,0,0,1,0,0,0,0,0,220,10583,0,27,"54
",0,0,0,0,0,0,0,0,0,0
1780572072.13562,0,0,1,0,0,0,0,1,0,0,858,241,0,1,0,0,0,1,0,0,0,0,0,0,0,0,0,0,0,1,0,0,0,0,0,220,10583,1,27,"55
",0,0,0,0,0,0,0,0,0,0
1780572072.637648,0,0,1,0,0,0,0,1,0,0,858,228,0,1,0,0,0,1,0,0,0,0,0,0,0,0,0,0,0,1,0,0,0,0,0,220,10583,2,27,"56
",0,0,0,0,0,0,0,0,0,0
1780572073.139677,0,0,1,1,0,0,0,1,0,0,859,228,0,1,0,0,0,1,0,0,0,0,0,0,0,0,0,0,0,1,0,0,0,0,0,220,10583,3,27,"57
",0,0,0,0,0,0,0,0,0,0
1780572073.641706,0,0,1,1,0,0,0,1,0,0,857,243,0,1,0,0,0,1,0,0,0,0,0,0,0,0,0,0,0,1,0,0,0,0,0,220,10583,4,27,"58
",0,0,0,0,0,0,0,0,0,0
1780572074.143735,0,0,1,1,0,0,0,1,0,0,858,227,0,1,0,0,0,1,0,0,0,0,0,0,0,0,0,0,0,1,0,0,0,0,0,220,10583,5,27,"59
",0,0,0,0,0,0,0,0,0,0
1780572074.645763,0,0,1,1,0,0,0,1,0,0,858,241,0,1,0,0,0,1,0,0,0,0,0,0,0,0,0,0,0,1,0,0,0,0,0,220,10583,0,27,"60
",0,0,0,0,0,0,0,0,0,0
1780572075.147792,0,0,1,0,0,0,0,1,0,0,858,242,0,1,0,0,0,1,0,0,0,0,0,0,0,0,0,0,0,1,0,0,0,0,0,220,10583,1,27,"61
",0,0,0,0,0,0,0,0,0,0
1780572075.649821,0,0,1,0,0,0,0,1,0,0,858,227,0,1,0,0,0,1,0,0,0,0,0,0,0,0,0,0,0,1,0,0,0,0,0,220,10583,2,27,"62
",0,0,0,0,0,0,0,0,0,0
1780572076.151849,0,0,1,0,0,0,0,1,0,0,858,241,0,1,0,0,0,1,0,0,0,0,0,0,0,0,0,0,0,1,0,0,0,0,0,220,10583,3,27,"63
",0,0,0,0,0,0,0,0,0,0
1780572076.653878,0,0,1,0,0,0,0,1,0,0,858,242,0,1,0,0,0,1,0,0,0,0,0,0,0,0,0,0,0,1,0,0,0,0,0,220,10583,4,27,"64
",0,0,0,0,0,0,0,0,0,0
1780572077.155907,0,0,1,1,0,0,0,1,0,0,858,241,0,1,0,0,0,1,0,0,0,0,0,0,0,0,0,0,0,1,0,0,0,0,0,220,10583,5,27,"65
",0,0,0,0,0,0,0,0,0,0
1780572077.657936,0,0,1,1,0,0,0,1,0,0,858,243,0,1,0,0,0,1,0,0,0,0,0,0,0,0,0,0,0,1,0,0,0,0,0,220,10583,0,27,"66
",0,0,0,0,0,0,0,0,0,0
1780572078.159964,0,0,1,1,0,0,0,1,0,0,858,241,0,1,0,0,0,1,0,0,0,0,0,0,0,0,0,0,0,1,0,0,0,0,0,220,10583,1,27,"67
",0,0,0,0,0,0,0,0,0,0
1780572078.661993,0,0,1,1,0,0,0,1,0,0,858,243,0,1,0,0,0,1,0,0,0,0,0,0,0,0,0,0,0,1,0,0,0,0,0,220,10583,2,27,"68
",0,0,0,0,0,0,0,0,0,0
1780572079.164022,0,0,1,0,0,0,0,1,0,0,858,229,0,1,0,0,0,1,0,0,0,0,0,0,0,0,0,0,0,1,0,0,0,0,0,220,10583,3,27,"69
",0,0,0,0,0,0,0,0,0,0
1780572079.66605,0,0,1,0,0,0,0,1,0,0,857,243,0,1,0,0,0,1,0,0,0,0,0,0,0,0,0,0,0,1,0,0,0,0,0,220,10583,4,27,"70
",0,0,0,0,0,0,0,0,0,0
1780572080.168079,0,0,1,0,0,0,0,1,0,0,858,243,0,1,0,0,0,1,0,0,0,0,0,0,0,0,0,0,0,1,0,0,0,0,0,220,10583,5,27,"71
",0,0,0,0,0,0,0,0,0,0
1780572080.670108,0,0,1,0,0,0,0,1,0,0,858,243,0,1,0,0,0,1,0,0,0,0,0,0,0,0,0,0,0,1,0,0,0,0,0,220,10583,0,27,"72
",0,0,0,0,0,0,0,0,0,0
1780572081.172137,0,0,1,0,0,0,0,1,0,0,858,241,0,1,0,0,0,1,0,0,0,0,0,0,0,0,0,0,0,1,0,0,0,0,0,220,10583,1,27,"73
",0,0,0,0,0,0,0,0,0,0
1780572081.675165,0,0,1,1,0,0,0,1,0,0,858,242,0,1,0,0,0,1,0,0,0,0,0,0,0,0,0,0,0,1,0,0,0,0,0,220,10583,2,27,"74
",0,0,0,0,0,0,0,0,0,0
1780572082.177194,0,0,1,1,0,0,0,1,0,0,859,228,0,1,0,0,0,1,0,0,0,0,0,0,0,0,0,0,0,1,0,0,0,0,0,220,10583,3,27,"75
",0,0,0,0,0,0,0,0,0,0
1780572082.679223,0,0,1,1,0,0,0,1,0,0,858,228,0,1,0,0,0,1,0,0,0,0,0,0,0,0,0,0,0,1,0,0,0,0,0,220,10583,4,27,"76
",0,0,0,0,0,0,0,0,0,0
1780572083.181252,0,0,1,1,0,0,0,1,0,0,858,228,0,1,0,0,0,1,0,0,0,0,0,0,0,0,0,0,0,1,0,0,0,0,0,220,10583,5,27,"77
",0,0,0,0,0,0,0,0,0,0
1780572083.68328,0,0,1,0,0,0,0,1,0,0,858,241,0,1,0,0,0,1,0,0,0,0,0,0,0,0,0,0,0,1,0,0,0,0,0,220,10583,0,27,"78
",0,0,0,0,0,0,0,0,0,0
1780572084.185309,0,0,1,0,0,0,0,1,0,0,858,243,0,1,0,0,0,1,0,0,0,0,0,0,0,0,0,0,0,1,0,0,0,0,0,220,10583,1,27,"79
",0,0,0,0,0,0,0,0,0,0
1780572084.687338,0,0,1,0,0,0,0,1,0,0,858,241,0,1,0,0,0,1,0,0,0,0,0,0,0,0,0,0,0,1,0,0,0,0,0,220,10583,2,27,"80
",0,0,0,0,0,0,0,0,0,0
1780572085.189366,0,0,1,0,0,0,0,1,0,0,859,243,0,1,0,0,0,1,0,0,0,0,0,0,0,0,0,0,0,1,0,0,0,0,0,220,10583,3,27,"81
",0,0,0,0,0,0,0,0,0,0
1780572085.691395,0,0,1,0,0,0,0,1,0,0,858,243,0,1,0,0,0,1,0,0,0,0,0,0,0,0,0,0,0,1,0,0,0,0,0,220,10583,4,27,"82
",0,0,0,0,0,0,0,0,0,0
1780572086.193424,0,0,1,1,0,0,0,1,0,0,858,241,0,1,0,0,0,1,0,0,0,0,0,0,0,0,0,0,0,1,0,0,0,0,0,220,10583,5,27,"83
",0,0,0,0,0,0,0,0,0,0
1780572086.695453,0,0,1,1,0,0,0,1,0,0,858,242,0,1,0,0,0,1,0,0,0,0,0,0,0,0,0,0,0,1,0,0,0,0,0,220,10583,0,27,"84
",0,0,0,0,0,0,0,0,0,0
1780572087.197481,0,0,1,1,0,0,0,1,0,0,858,241,0,1,0,0,0,1,0,0,0,0,0,0,0,0,0,0,0,1,0,0,0,0,0,220,10583,1,27,"85
",0,0,0,0,0,0,0,0,0,0
1780572087.69951,0,0,1,1,0,0,0,1,0,0,857,243,0,1,0,0,0,1,0,0,0,0,0,0,0,0,0,0,0,1,0,0,0,0,0,220,10583,2,27,"86
",0,0,0,0,0,0,0,0,0,0
1780572088.201539,0,0,1,0,0,0,0,1,0,0,859,242,0,1,0,0,0,1,0,0,0,0,0,0,0,0,0,0,0,1,0,0,0,0,0,220,10583,3,27,"87
",0,0,0,0,0,0,0,0,0,0
1780572088.703567,0,0,1,0,0,0,0,1,0,0,858,241,0,1,0,0,0,1,0,0,0,0,0,0,0,0,0,0,0,1,0,0,0,0,0,220,10583,4,27,"88
",0,0,0,0,0,0,0,0,0,0
1780572089.205596,0,0,1,0,0,0,0,1,0,0,858,243,0,1,0,0,0,1,0,0,0,0,0,0,0,0,0,0,0,1,0,0,0,0,0,220,10583,5,27,"89
",0,0,0,0,0,0,0,0,0,0
1780572089.707625,0,0,1,0,0,0,0,1,0,0,858,243,0,1,0,0,0,1,0,0,0,0,0,0,0,0,0,0,0,1,0,0,0,0,0,220,10583,0,27,"90
",0,0,0,0,0,0,0,0,0,0
1780572090.209654,0,0,1,0,0,0,0,1,0,0,858,242,0,1,0,0,0,1,0,0,0,0,0,0,0,0,0,0,0,1,0,0,0,0,0,220,10583,1,27,"91
",0,0,0,0,0,0,0,0,0,0
1780572090.711682,0,0,1,1,0,0,0,1,0,0,858,241,0,1,0,0,0,1,0,0,0,0,0,0,0,0,0,0,0,1,0,0,0,0,0,220,10583,2,27,"92
",0,0,0,0,0,0,0,0,0,0
1780572091.213711,0,0,1,1,0,0,0,1,0,0,859,243,0,1,0,0,0,1,0,0,0,0,0,0,0,0,0,0,0,1,0,0,0,0,0,220,10583,3,27,"93
",0,0,0,0,0,0,0,0,0,0
1780572091.71574,0,0,1,1,0,0,0,1,0,0,858,227,0,1,0,0,0,1,0,0,0,0,0,0,0,0,0,0,0,1,0,0,0,0,0,220,10583,4,27,"94
",0,0,0,0,0,0,0,0,0,0
1780572092.217768,0,0,1,1,0,0,0,1,0,0,858,241,0,1,0,0,0,1,0,0,0,0,0,0,0,0,0,0,0,1,0,0,0,0,0,220,10583,5,27,"95
",0,0,0,0,0,0,0,0,0,0
1780572092.719797,0,0,1,1,0,0,0,1,0,0,858,227,0,1,0,0,0,1,0,0,0,0,0,0,0,0,0,0,0,1,0,0,0,0,0,220,10583,0,27,"96
",0,0,0,0,0,0,0,0,0,0
1780572093.221826,0,0,1,0,0,0,0,1,0,0,858,242,0,1,0,0,0,1,0,0,0,0,0,0,0,0,0,0,0,1,0,0,0,0,0,220,10583,1,27,"97
",0,0,0,0,0,0,0,0,0,0
1780572093.723855,0,0,1,0,0,0,0,1,0,0,858,242,0,1,0,0,0,1,0,0,0,0,0,0,0,0,0,0,0,1,0,0,0,0,0,220,10583,2,27,"98
",0,0,0,0,0,0,0,0,0,0
1780572094.225883,0,0,1,0,0,0,0,1,0,0,859,241,0,1,0,0,0,1,0,0,0,0,0,0,0,0,0,0,0,1,0,0,0,0,0,220,10583,3,27,"99
",0,0,0,0,0,0,0,0,0,0
1780572094.727912,0,0,1,0,0,0,0,1,0,0,858,242,0,1,0,0,0,1,0,0,0,0,0,0,0,0,0,0,0,1,0,0,0,0,0,220,10583,4,27,"100
",0,0,0,0,0,0,0,0,0,0
1780572095.229941,0,0,1,0,0,0,0,1,0,0,858,227,0,1,0,0,0,1,0,0,0,0,0,0,0,0,0,0,0,1,0,0,0,0,0,220,10583,5,27,"101
",0,0,0,0,0,0,0,0,0,0
1780572095.731969,0,0,1,1,0,0,0,1,0,0,858,242,0,1,0,0,0,1,0,0,0,0,0,0,0,0,0,0,0,1,0,0,0,0,0,220,10583,0,27,"102
",0,0,0,0,0,0,0,0,0,0
1780572096.233998,0,0,1,1,0,0,0,1,0,0,858,241,0,1,0,0,0,1,0,0,0,0,0,0,0,0,0,0,0,1,0,0,0,0,0,220,10583,1,27,"103
",0,0,0,0,0,0,0,0,0,0
1780572096.736027,0,0,1,1,0,0,0,1,0,0,858,242,0,1,0,0,0,1,0,0,0,0,0,0,0,0,0,0,0,1,0,0,0,0,0,220,10583,2,27,"104
",0,0,0,0,0,0,0,0,0,0
1780572097.238056,0,0,1,1,0,0,0,1,0,0,859,241,0,1,0,0,0,1,0,0,0,0,0,0,0,0,0,0,0,1,0,0,0,0,0,220,10583,3,27,"105
",0,0,0,0,0,0,0,0,0,0
1780572097.740084,0,0,1,0,0,0,0,1,0,0,857,242,0,1,0,0,0,1,0,0,0,0,0,0,0,0,0,0,0,1,0,0,0,0,0,220,10583,4,27,"106
",0,0,0,0,0,0,0,0,0,0
1780572098.242113,0,0,1,0,0,0,0,1,0,0,858,242,0,1,0,0,0,1,0,0,0,0,0,0,0,0,0,0,0,1,0,0,0,0,0,220,10583,5,27,"107
",0,0,0,0,0,0,0,0,0,0
1780572098.744142,0,0,1,0,0,0,0,1,0,0,858,241,0,1,0,0,0,1,0,0,0,0,0,0,0,0,0,0,0,1,0,0,0,0,0,220,10583,0,27,"108
",0,0,0,0,0,0,0,0,0,0
1780572099.24617,0,0,1,0,0,0,0,1,0,0,858,242,0,1,0,0,0,1,0,0,0,0,0,0,0,0,0,0,0,1,0,0,0,0,0,220,10583,1,27,"109
",0,0,0,0,0,0,0,0,0,0
1780572099.748199,0,0,1,0,0,0,0,1,0,0,858,241,0,1,0,0,0,1,0,0,0,0,0,0,0,0,0,0,0,1,0,0,0,0,0,220,10583,2,27,"110
",0,0,0,0,0,0,0,0,0,0
1780572100.250228,0,0,1,1,0,0,0,1,0,0,859,243,0,1,0,0,0,1,0,0,0,0,0,0,0,0,0,0,0,1,0,0,0,0,0,220,10583,3,27,"111
",0,0,0,0,0,0,0,0,0,0
1780572100.752257,0,0,1,1,0,0,0,1,0,0,858,242,0,1,0,0,0,1,0,0,0,0,0,0,0,0,0,0,0,1,0,0,0,0,0,220,10583,4,27,"112
",0,0,0,0,0,0,0,0,0,0
1780572101.254285,0,0,1,1,0,0,0,1,0,0,858,240,0,1,0,0,0,1,0,0,0,0,0,0,0,0,0,0,0,1,0,0,0,0,0,220,10583,5,27,"113
",0,0,0,0,0,0,0,0,0,0
1780572101.756314,0,0,1,1,0,0,0,1,0,0,858,228,0,1,0,0,0,1,0,0,0,0,0,0,0,0,0,0,0,1,0,0,0,0,0,220,10583,0,27,"114
",0,0,0,0,0,0,0,0,0,0
1780572102.258343,0,0,1,0,0,0,0,1,0,0,858,241,0,1,0,0,0,1,0,0,0,0,0,0,0,0,0,0,0,1,0,0,0,0,0,220,10583,1,27,"115
",0,0,0,0,0,0,0,0,0,0
1780572102.760371,0,0,1,0,0,0,0,1,0,0,858,242,0,1,0,0,0,1,0,0,0,0,0,0,0,0,0,0,0,1,0,0,0,0,0,220,10583,2,27,"116
",0,0,0,0,0,0,0,0,0,0
1780572103.2624,0,0,1,0,0,0,0,1,0,0,858,241,0,1,0,0,0,1,0,0,0,0,0,0,0,0,0,0,0,1,0,0,0,0,0,220,10583,3,27,"117
",0,0,0,0,0,0,0,0,0,0
1780572103.764429,0,0,1,0,0,0,0,1,0,0,858,242,0,1,0,0,0,1,0,0,0,0,0,0,0,0,0,0,0,1,0,0,0,0,0,220,10583,4,27,"118
",0,0,0,0,0,0,0,0,0,0
1780572104.266458,0,0,1,0,0,0,0,1,0,0,857,229,0,1,0,0,0,1,0,0,0,0,0,0,0,0,0,0,0,1,0,0,0,0,0,220,10583,5,27,"119
",0,0,0,0,0,0,0,0,0,0
1780572104.768486,0,0,1,1,0,0,0,1,0,0,858,241,0,1,0,0,0,1,0,0,0,0,0,0,0,0,0,0,0,1,0,0,0,0,0,220,10583,0,27,"120
",0,0,0,0,0,0,0,0,0,0
1780572105.270515,0,0,1,1,0,0,0,1,0,0,858,228,0,1,0,0,0,1,0,0,0,0,0,0,0,0,0,0,0,1,0,0,0,0,0,220,10583,1,27,"121
",0,0,0,0,0,0,0,0,0,0
1780572105.772544,0,0,1,1,0,0,0,1,0,0,858,242,0,1,0,0,0,1,0,0,0,0,0,0,0,0,0,0,0,1,0,0,0,0,0,220,10583,2,27,"122
",0,0,0,0,0,0,0,0,0,0
1780572106.274572,0,0,1,1,0,0,0,1,0,0,859,242,0,1,0,0,0,1,0,0,0,0,0,0,0,0,0,0,0,1,0,0,0,0,0,220,10583,3,27,"123
",0,0,0,0,0,0,0,0,0,0
1780572106.776601,0,0,1,0,0,0,0,1,0,0,858,242,0,1,0,0,0,1,0,0,0,0,0,0,0,0,0,0,0,1,0,0,0,0,0,220,10583,4,27,"124
",0,0,0,0,0,0,0,0,0,0
1780572107.27863,0,0,1,0,0,0,0,1,0,0,858,242,0,1,0,0,0,1,0,0,0,0,0,0,0,0,0,0,0,1,0,0,0,0,0,220,10583,5,27,"125
",0,0,0,0,0,0,0,0,0,0
1780572107.780659,0,0,1,0,0,0,0,1,0,0,858,228,0,1,0,0,0,1,0,0,0,0,0,0,0,0,0,0,0,1,0,0,0,0,0,220,10583,0,27,"126
",0,0,0,0,0,0,0,0,0,0
1780572108.282687,0,0,1,0,0,0,0,1,0,0,858,242,0,1,0,0,0,1,0,0,0,0,0,0,0,0,0,0,0,1,0,0,0,0,0,220,10583,1,27,"127
",0,0,0,0,0,0,0,0,0,0
1780572108.784716,0,0,1,0,0,0,0,1,0,0,858,212,0,1,0,0,0,1,0,0,0,0,0,0,0,0,0,0,0,1,0,0,0,0,0,220,10583,2,27,"128
",0,0,0,0,0,0,0,0,0,0
1780572109.286745,0,0,1,1,0,0,0,1,0,0,859,242,0,1,0,0,0,1,0,0,0,0,0,0,0,0,0,0,0,1,0,0,0,0,0,220,10583,3,27,"129
",0,0,0,0,0,0,0,0,0,0
1780572109.789773,0,0,1,1,0,0,0,1,0,0,858,241,0,1,0,0,0,1,0,0,0,0,0,0,0,0,0,0,0,1,0,0,0,0,0,220,10583,4,27,"130
",0,0,0,0,0,0,0,0,0,0
1780572110.291802,0,0,1,1,0,0,0,1,0,0,858,241,0,1,0,0,0,1,0,0,0,0,0,0,0,0,0,0,0,1,0,0,0,0,0,220,10583,5,27,"131
",0,0,0,0,0,0,0,0,0,0
1780572110.793831,0,0,1,0,0,0,0,1,0,0,858,242,0,1,0,0,0,1,0,0,0,0,0,0,0,0,0,0,0,1,0,0,0,0,0,220,10583,0,27,"132
",0,0,0,0,0,0,0,0,0,0
1780572111.29586,0,0,1,0,0,0,0,1,0,0,858,228,0,1,0,0,0,1,0,0,0,0,0,0,0,0,0,0,0,1,0,0,0,0,0,220,10583,1,27,"133
",0,0,0,0,0,0,0,0,0,0
1780572111.797888,0,0,1,0,0,0,0,1,0,0,858,242,0,1,0,0,0,1,0,0,0,0,0,0,0,0,0,0,0,1,0,0,0,0,0,220,10583,2,27,"134
",0,0,0,0,0,0,0,0,0,0
1780572112.299917,0,0,1,0,0,0,0,1,0,0,859,242,0,1,0,0,0,1,0,0,0,0,0,0,0,0,0,0,0,1,0,0,0,0,0,220,10583,3,27,"135
",0,0,0,0,0,0,0,0,0,0
1780572112.801946,0,0,1,0,0,0,0,1,0,0,858,243,0,1,0,0,0,1,0,0,0,0,0,0,0,0,0,0,0,1,0,0,0,0,0,220,10583,4,27,"136
",0,0,0,0,0,0,0,0,0,0
1780572113.303974,0,0,1,1,0,0,0,1,0,0,858,243,0,1,0,0,0,1,0,0,0,0,0,0,0,0,0,0,0,1,0,0,0,0,0,220,10583,5,27,"137
",0,0,0,0,0,0,0,0,0,0
1780572113.806003,0,0,1,1,0,0,0,1,0,0,858,243,0,1,0,0,0,1,0,0,0,0,0,0,0,0,0,0,0,1,0,0,0,0,0,220,10583,0,27,"138
",0,0,0,0,0,0,0,0,0,0
1780572114.308032,0,0,1,1,0,0,0,1,0,0,858,241,0,1,0,0,0,1,0,0,0,0,0,0,0,0,0,0,0,1,0,0,0,0,0,220,10583,1,27,"139
",0,0,0,0,0,0,0,0,0,0
1780572114.810061,0,0,1,1,0,0,0,1,0,0,858,242,0,1,0,0,0,1,0,0,0,0,0,0,0,0,0,0,0,1,0,0,0,0,0,220,10583,2,27,"140
",0,0,0,0,0,0,0,0,0,0
1780572115.312089,0,0,1,0,0,0,0,1,0,0,859,243,0,1,0,0,0,1,0,0,0,0,0,0,0,0,0,0,0,1,0,0,0,0,0,220,10583,3,27,"141
",0,0,0,0,0,0,0,0,0,0
1780572115.814118,0,0,1,0,0,0,0,1,0,0,858,242,0,1,0,0,0,1,0,0,0,0,0,0,0,0,0,0,0,1,0,0,0,0,0,220,10583,4,27,"142
",0,0,0,0,0,0,0,0,0,0
1780572116.316147,0,0,1,0,0,0,0,1,0,0,858,241,0,1,0,0,0,1,0,0,0,0,0,0,0,0,0,0,0,1,0,0,0,0,0,220,10583,5,27,"143
",0,0,0,0,0,0,0,0,0,0
1780572116.818175,0,0,1,0,0,0,0,1,0,0,858,242,0,1,0,0,0,1,0,0,0,0,0,0,0,0,0,0,0,1,0,0,0,0,0,220,10583,0,27,"144
",0,0,0,0,0,0,0,0,0,0
1780572117.320204,0,0,1,0,0,0,0,1,0,0,858,241,0,1,0,0,0,1,0,0,0,0,0,0,0,0,0,0,0,1,0,0,0,0,0,220,10583,1,27,"145
",0,0,0,0,0,0,0,0,0,0
1780572117.822233,0,0,1,1,0,0,0,1,0,0,858,227,0,1,0,0,0,1,0,0,0,0,0,0,0,0,0,0,0,1,0,0,0,0,0,220,10583,2,27,"146
",0,0,0,0,0,0,0,0,0,0
1780572118.324262,0,0,1,1,0,0,0,1,0,0,859,243,0,1,0,0,0,1,0,0,0,0,0,0,0,0,0,0,0,1,0,0,0,0,0,220,10583,3,27,"147
",0,0,0,0,0,0,0,0,0,0
1780572118.82629,0,0,1,1,0,0,0,1,0,0,857,229,0,1,0,0,0,1,0,0,0,0,0,0,0,0,0,0,0,1,0,0,0,0,0,220,10583,4,27,"148
",0,0,0,0,0,0,0,0,0,0
1780572119.328319,0,0,1,1,0,0,0,1,0,0,858,241,0,1,0,0,0,1,0,0,0,0,0,0,0,0,0,0,0,1,0,0,0,0,0,220,10583,5,27,"149
",0,0,0,0,0,0,0,0,0,0
1780572119.830348,0,0,1,0,0,0,0,1,0,0,858,241,0,1,0,0,0,1,0,0,0,0,0,0,0,0,0,0,0,1,0,0,0,0,0,220,10583,0,27,"150
",0,0,0,0,0,0,0,0,0,0
1780572120.332376,0,0,1,0,0,0,0,1,0,0,858,242,0,1,0,0,0,1,0,0,0,0,0,0,0,0,0,0,0,1,0,0,0,0,0,220,10583,1,27,"151
",0,0,0,0,0,0,0,0,0,0
1780572120.834405,0,0,1,0,0,0,0,1,0,0,858,241,0,1,0,0,0,1,0,0,0,0,0,0,0,0,0,0,0,1,0,0,0,0,0,220,10583,2,27,"152
",0,0,0,0,0,0,0,0,0,0
1780572121.336434,0,0,1,0,0,0,0,1,0,0,858,229,0,1,0,0,0,1,0,0,0,0,0,0,0,0,0,0,0,1,0,0,0,0,0,220,10583,3,27,"153
",0,0,0,0,0,0,0,0,0,0
1780572121.838463,0,0,1,0,0,0,0,1,0,0,858,242,0,1,0,0,0,1,0,0,0,0,0,0,0,0,0,0,0,1,0,0,0,0,0,220,10583,4,27,"154
",0,0,0,0,0,0,0,0,0,0
1780572122.340491,0,0,1,1,0,0,0,1,0,0,858,229,0,1,0,0,0,1,0,0,0,0,0,0,0,0,0,0,0,1,0,0,0,0,0,220,10583,5,27,"155
",0,0,0,0,0,0,0,0,0,0
1780572122.84252,0,0,1,1,0,0,0,1,0,0,858,228,0,1,0,0,0,1,0,0,0,0,0,0,0,0,0,0,0,1,0,0,0,0,0,220,10583,0,27,"156
",0,0,0,0,0,0,0,0,0,0
1780572123.344549,0,0,1,1,0,0,0,1,0,0,858,242,0,1,0,0,0,1,0,0,0,0,0,0,0,0,0,0,0,1,0,0,0,0,0,220,10583,1,27,"157
",0,0,0,0,0,0,0,0,0,0
1780572123.846577,0,0,1,1,0,0,0,1,0,0,858,227,0,1,0,0,0,1,0,0,0,0,0,0,0,0,0,0,0,1,0,0,0,0,0,220,10583,2,27,"158
",0,0,0,0,0,0,0,0,0,0
1780572124.348606,0,0,1,0,0,0,0,1,0,0,859,242,0,1,0,0,0,1,0,0,0,0,0,0,0,0,0,0,0,1,0,0,0,0,0,220,10583,3,27,"159
",0,0,0,0,0,0,0,0,0,0
1780572124.850635,0,0,1,0,0,0,0,1,0,0,858,240,0,1,0,0,0,1,0,0,0,0,0,0,0,0,0,0,0,1,0,0,0,0,0,220,10583,4,27,"160
",0,0,0,0,0,0,0,0,0,0
1780572125.352664,0,0,1,0,0,0,0,1,0,0,858,243,0,1,0,0,0,1,0,0,0,0,0,0,0,0,0,0,0,1,0,0,0,0,0,220,10583,5,27,"161
",0,0,0,0,0,0,0,0,0,0
1780572125.854692,0,0,1,0,0,0,0,1,0,0,858,243,0,1,0,0,0,1,0,0,0,0,0,0,0,0,0,0,0,1,0,0,0,0,0,220,10583,0,27,"162
",0,0,0,0,0,0,0,0,0,0
1780572126.356721,0,0,1,0,0,0,0,1,0,0,858,228,0,1,0,0,0,1,0,0,0,0,0,0,0,0,0,0,0,1,0,0,0,0,0,220,10583,1,27,"163
",0,0,0,0,0,0,0,0,0,0
1780572126.85875,0,0,1,1,0,0,0,1,0,0,858,241,0,1,0,0,0,1,0,0,0,0,0,0,0,0,0,0,0,1,0,0,0,0,0,220,10583,2,27,"164
",0,0,0,0,0,0,0,0,0,0
1780572127.360778,0,0,1,1,0,0,0,1,0,0,859,243,0,1,0,0,0,1,0,0,0,0,0,0,0,0,0,0,0,1,0,0,0,0,0,220,10583,3,27,"165
",0,0,0,0,0,0,0,0,0,0
1780572127.862807,0,0,1,1,0,0,0,1,0,0,858,240,0,1,0,0,0,1,0,0,0,0,0,0,0,0,0,0,0,1,0,0,0,0,0,220,10583,4,27,"166
",0,0,0,0,0,0,0,0,0,0
1780572128.364836,0,0,1,1,0,0,0,1,0,0,858,241,0,1,0,0,0,1,0,0,0,0,0,0,0,0,0,0,0,1,0,0,0,0,0,220,10583,5,27,"167
",0,0,0,0,0,0,0,0,0,0
1780572128.866865,0,0,1,1,0,0,0,1,0,0,858,241,0,1,0,0,0,1,0,0,0,0,0,0,0,0,0,0,0,1,0,0,0,0,0,220,10583,0,27,"168
",0,0,0,0,0,0,0,0,0,0
1780572129.368893,0,0,1,0,0,0,0,1,0,0,858,241,0,1,0,0,0,1,0,0,0,0,0,0,0,0,0,0,0,1,0,0,0,0,0,220,10583,1,27,"169
",0,0,0,0,0,0,0,0,0,0
1780572129.870922,0,0,1,0,0,0,0,1,0,0,858,228,0,1,0,0,0,1,0,0,0,0,0,0,0,0,0,0,0,1,0,0,0,0,0,220,10583,2,27,"170
",0,0,0,0,0,0,0,0,0,0
1780572130.372951,0,0,1,0,0,0,0,1,0,0,859,241,0,1,0,0,0,1,0,0,0,0,0,0,0,0,0,0,0,1,0,0,0,0,0,220,10583,3,27,"171
",0,0,0,0,0,0,0,0,0,0
1780572130.874979,0,0,1,0,0,0,0,1,0,0,858,241,0,1,0,0,0,1,0,0,0,0,0,0,0,0,0,0,0,1,0,0,0,0,0,220,10583,4,27,"172
",0,0,0,0,0,0,0,0,0,0
1780572131.377008,0,0,1,1,0,0,0,1,0,0,858,241,0,1,0,0,0,1,0,0,0,0,0,0,0,0,0,0,0,1,0,0,0,0,0,220,10583,5,27,"173
",0,0,0,0,0,0,0,0,0,0
1780572131.879037,0,0,1,1,0,0,0,1,0,0,858,241,0,1,0,0,0,1,0,0,0,0,0,0,0,0,0,0,0,1,0,0,0,0,0,220,10583,0,27,"174
",0,0,0,0,0,0,0,0,0,0
1780572132.381066,0,0,1,1,0,0,0,1,0,0,858,227,0,1,0,0,0,1,0,0,0,0,0,0,0,0,0,0,0,1,0,0,0,0,0,220,10583,1,27,"175
",0,0,0,0,0,0,0,0,0,0
1780572132.883094,0,0,1,1,0,0,0,1,0,0,858,242,0,1,0,0,0,1,0,0,0,0,0,0,0,0,0,0,0,1,0,0,0,0,0,220,10583,2,27,"176
",0,0,0,0,0,0,0,0,0,0
1780572133.385123,0,0,1,0,0,0,0,1,0,0,859,241,0,1,0,0,0,1,0,0,0,0,0,0,0,0,0,0,0,1,0,0,0,0,0,220,10583,3,27,"177
",0,0,0,0,0,0,0,0,0,0
1780572133.887152,0,0,1,0,0,0,0,1,0,0,858,242,0,1,0,0,0,1,0,0,0,0,0,0,0,0,0,0,0,1,0,0,0,0,0,220,10583,4,27,"178
",0,0,0,0,0,0,0,0,0,0
1780572134.38918,0,0,1,0,0,0,0,1,0,0,858,242,0,1,0,0,0,1,0,0,0,0,0,0,0,0,0,0,0,1,0,0,0,0,0,220,10583,5,27,"179
",0,0,0,0,0,0,0,0,0,0
1780572134.891209,0,0,1,0,0,0,0,1,0,0,858,228,0,1,0,0,0,1,0,0,0,0,0,0,0,0,0,0,0,1,0,0,0,0,0,220,10583,0,27,"180
",0,0,0,0,0,0,0,0,0,0
1780572135.393238,0,0,1,0,0,0,0,1,0,0,858,242,0,1,0,0,0,1,0,0,0,0,0,0,0,0,0,0,0,1,0,0,0,0,0,220,10583,1,27,"181
",0,0,0,0,0,0,0,0,0,0
1780572135.895267,0,0,1,1,0,0,0,1,0,0,858,242,0,1,0,0,0,1,0,0,0,0,0,0,0,0,0,0,0,1,0,0,0,0,0,220,10583,2,27,"182
",0,0,0,0,0,0,0,0,0,0
1780572136.397295,0,0,1,1,0,0,0,1,0,0,859,241,0,1,0,0,0,1,0,0,0,0,0,0,0,0,0,0,0,1,0,0,0,0,0,220,10583,3,27,"183
",0,0,0,0,0,0,0,0,0,0
1780572136.899324,0,0,1,1,0,0,0,1,0,0,857,242,0,1,0,0,0,1,0,0,0,0,0,0,0,0,0,0,0,1,0,0,0,0,0,220,10583,4,27,"184
",0,0,0,0,0,0,0,0,0,0
1780572137.402353,0,0,1,1,0,0,0,1,0,0,858,241,0,1,0,0,0,1,0,0,0,0,0,0,0,0,0,0,0,1,0,0,0,0,0,220,10583,5,27,"185
",0,0,0,0,0,0,0,0,0,0
1780572137.904381,0,0,1,0,0,0,0,1,0,0,858,241,0,1,0,0,0,1,0,0,0,0,0,0,0,0,0,0,0,1,0,0,0,0,0,220,10583,0,27,"186
",0,0,0,0,0,0,0,0,0,0
1780572138.40641,0,0,1,0,0,0,0,1,0,0,858,242,0,1,0,0,0,1,0,0,0,0,0,0,0,0,0,0,0,1,0,0,0,0,0,220,10583,1,27,"187
",0,0,0,0,0,0,0,0,0,0
1780572138.908439,0,0,1,0,0,0,0,1,0,0,858,242,0,1,0,0,0,1,0,0,0,0,0,0,0,0,0,0,0,1,0,0,0,0,0,220,10583,2,27,"188
",0,0,0,0,0,0,0,0,0,0
1780572139.410468,0,0,1,0,0,0,0,1,0,0,859,241,0,1,0,0,0,1,0,0,0,0,0,0,0,0,0,0,0,1,0,0,0,0,0,220,10583,3,27,"189
",0,0,0,0,0,0,0,0,0,0
1780572139.912496,0,0,1,0,0,0,0,1,0,0,858,242,0,1,0,0,0,1,0,0,0,0,0,0,0,0,0,0,0,1,0,0,0,0,0,220,10583,4,27,"190
",0,0,0,0,0,0,0,0,0,0
1780572140.414525,0,0,1,1,0,0,0,1,0,0,858,243,0,1,0,0,0,1,0,0,0,0,0,0,0,0,0,0,0,1,0,0,0,0,0,220,10583,5,27,"191
",0,0,0,0,0,0,0,0,0,0
1780572140.916554,0,0,1,1,0,0,0,1,0,0,857,241,0,1,0,0,0,1,0,0,0,0,0,0,0,0,0,0,0,1,0,0,0,0,0,220,10583,0,27,"192
",0,0,0,0,0,0,0,0,0,0
1780572141.418582,0,0,1,1,0,0,0,1,0,0,858,242,0,1,0,0,0,1,0,0,0,0,0,0,0,0,0,0,0,1,0,0,0,0,0,220,10583,1,27,"193
",0,0,0,0,0,0,0,0,0,0
1780572141.920611,0,0,1,1,0,0,0,1,0,0,858,241,0,1,0,0,0,1,0,0,0,0,0,0,0,0,0,0,0,1,0,0,0,0,0,220,10583,2,27,"194
",0,0,0,0,0,0,0,0,0,0
1780572142.42264,0,0,1,0,0,0,0,1,0,0,858,242,0,1,0,0,0,1,0,0,0,0,0,0,0,0,0,0,0,1,0,0,0,0,0,220,10583,3,27,"195
",0,0,0,0,0,0,0,0,0,0
1780572142.924669,0,0,1,0,0,0,0,1,0,0,858,242,0,1,0,0,0,1,0,0,0,0,0,0,0,0,0,0,0,1,0,0,0,0,0,220,10583,4,27,"196
",0,0,0,0,0,0,0,0,0,0
1780572143.426697,0,0,1,0,0,0,0,1,0,0,858,228,0,1,0,0,0,1,0,0,0,0,0,0,0,0,0,0,0,1,0,0,0,0,0,220,10583,5,27,"197
",0,0,0,0,0,0,0,0,0,0
1780572143.928726,0,0,1,0,0,0,0,1,0,0,858,242,0,1,0,0,0,1,0,0,0,0,0,0,0,0,0,0,0,1,0,0,0,0,0,220,10583,0,27,"198
",0,0,0,0,0,0,0,0,0,0
1780572144.430755,0,0,1,0,0,0,0,1,0,0,858,241,0,1,0,0,0,1,0,0,0,0,0,0,0,0,0,0,0,1,0,0,0,0,0,220,10583,1,27,"199
",0,0,0,0,0,0,0,0,0,0
1780572144.932783,0,0,1,1,0,0,0,1,0,0,858,228,0,1,0,0,0,1,0,0,0,0,0,0,0,0,0,0,0,1,0,0,0,0,0,220,10583,2,27,"200
",0,0,0,0,0,0,0,0,0,0
1780572145.434812,0,0,1,1,0,0,0,1,0,0,859,243,0,1,0,0,0,1,0,0,0,0,0,0,0,0,0,0,0,1,0,0,0,0,0,220,10583,3,27,"201
",0,0,0,0,0,0,0,0,0,0
1780572145.936841,0,0,1,1,0,0,0,1,0,0,858,228,0,1,0,0,0,1,0,0,0,0,0,0,0,0,0,0,0,1,0,0,0,0,0,220,10583,4,27,"202
",0,0,0,0,0,0,0,0,0,0
1780572146.43887,0,0,1,1,0,0,0,1,0,0,858,242,0,1,0,0,0,1,0,0,0,0,0,0,0,0,0,0,0,1,0,0,0,0,0,220,10583,5,27,"203
",0,0,0,0,0,0,0,0,0,0
1780572146.940898,0,0,1,0,0,0,0,1,0,0,858,241,0,1,0,0,0,1,0,0,0,0,0,0,0,0,0,0,0,1,0,0,0,0,0,220,10583,0,27,"204
",0,0,0,0,0,0,0,0,0,0
1780572147.442927,0,0,1,0,0,0,0,1,0,0,858,228,0,1,0,0,0,1,0,0,0,0,0,0,0,0,0,0,0,1,0,0,0,0,0,220,10583,1,27,"205
",0,0,0,0,0,0,0,0,0,0
1780572147.944956,0,0,1,0,0,0,0,1,0,0,858,243,0,1,0,0,0,1,0,0,0,0,0,0,0,0,0,0,0,1,0,0,0,0,0,220,10583,2,27,"206
",0,0,0,0,0,0,0,0,0,0
1780572148.446984,0,0,1,0,0,0,0,1,0,0,858,242,0,1,0,0,0,1,0,0,0,0,0,0,0,0,0,0,0,1,0,0,0,0,0,220,10583,3,27,"207
",0,0,0,0,0,0,0,0,0,0
1780572148.949013,0,0,1,0,0,0,0,1,0,0,858,242,0,1,0,0,0,1,0,0,0,0,0,0,0,0,0,0,0,1,0,0,0,0,0,220,10583,4,27,"208
",0,0,0,0,0,0,0,0,0,0
1780572149.451042,0,0,1,1,0,0,0,1,0,0,858,241,0,1,0,0,0,1,0,0,0,0,0,0,0,0,0,0,0,1,0,0,0,0,0,220,10583,5,27,"209
",0,0,0,0,0,0,0,0,0,0
1780572149.953071,0,0,1,1,0,0,0,1,0,0,858,241,0,1,0,0,0,1,0,0,0,0,0,0,0,0,0,0,0,1,0,0,0,0,0,220,10583,0,27,"210
",0,0,0,0,0,0,0,0,0,0
1780572150.455099,0,0,1,1,0,0,0,1,0,0,858,243,0,1,0,0,0,1,0,0,0,0,0,0,0,0,0,0,0,1,0,0,0,0,0,220,10583,1,27,"211
",0,0,0,0,0,0,0,0,0,0
1780572150.957128,0,0,1,1,0,0,0,1,0,0,858,241,0,1,0,0,0,1,0,0,0,0,0,0,0,0,0,0,0,1,0,0,0,0,0,220,10583,2,27,"212
",0,0,0,0,0,0,0,0,0,0
1780572151.459157,0,0,1,0,0,0,0,1,0,0,859,241,0,1,0,0,0,1,0,0,0,0,0,0,0,0,0,0,0,1,0,0,0,0,0,220,10583,3,27,"213
",0,0,0,0,0,0,0,0,0,0
1780572151.961185,0,0,1,0,0,0,0,1,0,0,858,242,0,1,0,0,0,1,0,0,0,0,0,0,0,0,0,0,0,1,0,0,0,0,0,220,10583,4,27,"214
",0,0,0,0,0,0,0,0,0,0
1780572152.463214,0,0,1,0,0,0,0,1,0,0,858,242,0,1,0,0,0,1,0,0,0,0,0,0,0,0,0,0,0,1,0,0,0,0,0,220,10583,5,27,"215
",0,0,0,0,0,0,0,0,0,0
1780572152.965243,0,0,1,0,0,0,0,1,0,0,858,242,0,1,0,0,0,1,0,0,0,0,0,0,0,0,0,0,0,1,0,0,0,0,0,220,10583,0,27,"216
",0,0,0,0,0,0,0,0,0,0
1780572153.467272,0,0,1,0,0,0,0,1,0,0,858,241,0,1,0,0,0,1,0,0,0,0,0,0,0,0,0,0,0,1,0,0,0,0,0,220,10583,1,27,"217
",0,0,0,0,0,0,0,0,0,0
1780572153.9693,0,0,1,1,0,0,0,1,0,0,858,241,0,1,0,0,0,1,0,0,0,0,0,0,0,0,0,0,0,1,0,0,0,0,0,220,10583,2,27,"218
",0,0,0,0,0,0,0,0,0,0
1780572154.471329,0,0,1,1,0,0,0,1,0,0,859,241,0,1,0,0,0,1,0,0,0,0,0,0,0,0,0,0,0,1,0,0,0,0,0,220,10583,3,27,"219
",0,0,0,0,0,0,0,0,0,0
1780572154.973358,0,0,1,1,0,0,0,1,0,0,858,241,0,1,0,0,0,1,0,0,0,0,0,0,0,0,0,0,0,1,0,0,0,0,0,220,10583,4,27,"220
",0,0,0,0,0,0,0,0,0,0
1780572155.475386,0,0,1,1,0,0,0,1,0,0,858,241,0,1,0,0,0,1,0,0,0,0,0,0,0,0,0,0,0,1,0,0,0,0,0,220,10583,5,27,"221
",0,0,0,0,0,0,0,0,0,0
1780572155.977415,0,0,1,0,0,0,0,1,0,0,858,242,0,1,0,0,0,1,0,0,0,0,0,0,0,0,0,0,0,1,0,0,0,0,0,220,10583,0,27,"222
",0,0,0,0,0,0,0,0,0,0
1780572156.479444,0,0,1,0,0,0,0,1,0,0,858,242,0,1,0,0,0,1,0,0,0,0,0,0,0,0,0,0,0,1,0,0,0,0,0,220,10583,1,27,"223
",0,0,0,0,0,0,0,0,0,0
1780572156.981473,0,0,1,0,0,0,0,1,0,0,858,241,0,1,0,0,0,1,0,0,0,0,0,0,0,0,0,0,0,1,0,0,0,0,0,220,10583,2,27,"224
",0,0,0,0,0,0,0,0,0,0
1780572157.483501,0,0,1,0,0,0,0,1,0,0,859,241,0,1,0,0,0,1,0,0,0,0,0,0,0,0,0,0,0,1,0,0,0,0,0,220,10583,3,27,"225
",0,0,0,0,0,0,0,0,0,0
1780572157.98553,0,0,1,0,0,0,0,1,0,0,858,241,0,1,0,0,0,1,0,0,0,0,0,0,0,0,0,0,0,1,0,0,0,0,0,220,10583,4,27,"226
",0,0,0,0,0,0,0,0,0,0
1780572158.487559,0,0,1,1,0,0,0,1,0,0,858,242,0,1,0,0,0,1,0,0,0,0,0,0,0,0,0,0,0,1,0,0,0,0,0,220,10583,5,27,"227
",0,0,0,0,0,0,0,0,0,0
1780572158.989587,0,0,1,1,0,0,0,1,0,0,858,242,0,1,0,0,0,1,0,0,0,0,0,0,0,0,0,0,0,1,0,0,0,0,0,220,10583,0,27,"228
",0,0,0,0,0,0,0,0,0,0
1780572159.491616,0,0,1,1,0,0,0,1,0,0,858,241,0,1,0,0,0,1,0,0,0,0,0,0,0,0,0,0,0,1,0,0,0,0,0,220,10583,1,27,"229
",0,0,0,0,0,0,0,0,0,0
1780572159.993645,0,0,1,1,0,0,0,1,0,0,858,241,0,1,0,0,0,1,0,0,0,0,0,0,0,0,0,0,0,1,0,0,0,0,0,220,10583,2,27,"230
",0,0,0,0,0,0,0,0,0,0
1780572160.495674,0,0,1,0,0,0,0,1,0,0,859,242,0,1,0,0,0,1,0,0,0,0,0,0,0,0,0,0,0,1,0,0,0,0,0,220,10583,3,27,"231
",0,0,0,0,0,0,0,0,0,0
1780572160.997702,0,0,1,0,0,0,0,1,0,0,858,242,0,1,0,0,0,1,0,0,0,0,0,0,0,0,0,0,0,1,0,0,0,0,0,220,10583,4,27,"232
",0,0,0,0,0,0,0,0,0,0
1780572161.499731,0,0,1,0,0,0,0,1,0,0,858,241,0,1,0,0,0,1,0,0,0,0,0,0,0,0,0,0,0,1,0,0,0,0,0,220,10583,5,27,"233
",0,0,0,0,0,0,0,0,0,0
1780572162.00176,0,0,1,0,0,0,0,1,0,0,857,228,0,1,0,0,0,1,0,0,0,0,0,0,0,0,0,0,0,1,0,0,0,0,0,220,10583,0,27,"234
",0,0,0,0,0,0,0,0,0,0
1780572162.503788,0,0,1,0,0,0,0,1,0,0,858,243,0,1,0,0,0,1,0,0,0,0,0,0,0,0,0,0,0,1,0,0,0,0,0,220,10583,1,27,"235
",0,0,0,0,0,0,0,0,0,0
1780572163.005817,0,0,1,1,0,0,0,1,0,0,858,242,0,1,0,0,0,1,0,0,0,0,0,0,0,0,0,0,0,1,0,0,0,0,0,220,10583,2,27,"236
",0,0,0,0,0,0,0,0,0,0
1780572163.507846,0,0,1,1,0,0,0,1,0,0,859,241,0,1,0,0,0,1,0,0,0,0,0,0,0,0,0,0,0,1,0,0,0,0,0,220,10583,3,27,"237
",0,0,0,0,0,0,0,0,0,0
1780572164.009875,0,0,1,1,0,0,0,1,0,0,858,242,0,1,0,0,0,1,0,0,0,0,0,0,0,0,0,0,0,1,0,0,0,0,0,220,10583,4,27,"238
",0,0,0,0,0,0,0,0,0,0
1780572164.511903,0,0,1,1,0,0,0,1,0,0,858,241,0,1,0,0,0,1,0,0,0,0,0,0,0,0,0,0,0,1,0,0,0,0,0,220,10583,5,27,"239
",0,0,0,0,0,0,0,0,0,0
1780572165.013932,0,0,1,0,0,0,0,1,0,0,858,243,0,1,0,0,0,1,0,0,0,0,0,0,0,0,0,0,0,1,0,0,0,0,0,220,10583,0,27,"240
",0,0,0,0,0,0,0,0,0,0
1780572165.515961,0,0,1,0,0,0,0,1,0,0,858,243,0,1,0,0,0,1,0,0,0,0,0,0,0,0,0,0,0,1,0,0,0,0,0,220,10583,1,27,"241
",0,0,0,0,0,0,0,0,0,0
1780572166.017989,0,0,1,0,0,0,0,1,0,0,858,227,0,1,0,0,0,1,0,0,0,0,0,0,0,0,0,0,0,1,0,0,0,0,0,220,10583,2,27,"242
",0,0,0,0,0,0,0,0,0,0
1780572166.520018,0,0,1,0,0,0,0,1,0,0,858,242,0,1,0,0,0,1,0,0,0,0,0,0,0,0,0,0,0,1,0,0,0,0,0,220,10583,3,27,"243
",0,0,0,0,0,0,0,0,0,0
1780572167.022047,0,0,1,0,0,0,0,1,0,0,858,242,0,1,0,0,0,1,0,0,0,0,0,0,0,0,0,0,0,1,0,0,0,0,0,220,10583,4,27,"244
",0,0,0,0,0,0,0,0,0,0
1780572167.524076,0,0,1,1,0,0,0,1,0,0,858,242,0,1,0,0,0,1,0,0,0,0,0,0,0,0,0,0,0,1,0,0,0,0,0,220,10583,5,27,"245
",0,0,0,0,0,0,0,0,0,0
1780572168.026104,0,0,1,1,0,0,0,1,0,0,858,242,0,1,0,0,0,1,0,0,0,0,0,0,0,0,0,0,0,1,0,0,0,0,0,220,10583,0,27,"246
",0,0,0,0,0,0,0,0,0,0
1780572168.528133,0,0,1,1,0,0,0,1,0,0,858,241,0,1,0,0,0,1,0,0,0,0,0,0,0,0,0,0,0,1,0,0,0,0,0,220,10583,1,27,"247
",0,0,0,0,0,0,0,0,0,0
1780572169.030162,0,0,1,1,0,0,0,1,0,0,858,242,0,1,0,0,0,1,0,0,0,0,0,0,0,0,0,0,0,1,0,0,0,0,0,220,10583,2,27,"248
",0,0,0,0,0,0,0,0,0,0
1780572169.53219,0,0,1,0,0,0,0,1,0,0,859,242,0,1,0,0,0,1,0,0,0,0,0,0,0,0,0,0,0,1,0,0,0,0,0,220,10583,3,27,"249
",0,0,0,0,0,0,0,0,0,0
1780572170.034219,0,0,1,0,0,0,0,1,0,0,858,243,0,1,0,0,0,1,0,0,0,0,0,0,0,0,0,0,0,1,0,0,0,0,0,220,10583,4,27,"250
",0,0,0,0,0,0,0,0,0,0
1780572170.536248,0,0,1,0,0,0,0,1,0,0,858,241,0,1,0,0,0,1,0,0,0,0,0,0,0,0,0,0,0,1,0,0,0,0,0,220,10583,5,27,"251
",0,0,0,0,0,0,0,0,0,0
1780572171.038277,0,0,1,0,0,0,0,1,0,0,858,241,0,1,0,0,0,1,0,0,0,0,0,0,0,0,0,0,0,1,0,0,0,0,0,220,10583,0,27,"252
",0,0,0,0,0,0,0,0,0,0
1780572171.540305,0,0,1,0,0,0,0,1,0,0,858,243,0,1,0,0,0,1,0,0,0,0,0,0,0,0,0,0,0,1,0,0,0,0,0,220,10583,1,27,"253
",0,0,0,0,0,0,0,0,0,0
1780572172.042334,0,0,1,1,0,0,0,1,0,0,858,228,0,1,0,0,0,1,0,0,0,0,0,0,0,0,0,0,0,1,0,0,0,0,0,220,10583,2,27,"254
",0,0,0,0,0,0,0,0,0,0
1780572172.544363,0,0,1,1,0,0,0,1,0,0,859,242,0,1,0,0,0,1,0,0,0,0,0,0,0,0,0,0,0,1,0,0,0,0,0,220,10583,3,27,"255
",0,0,0,0,0,0,0,0,0,0
1780572173.046391,0,0,1,1,0,0,0,1,0,0,859,242,0,1,0,0,0,1,0,0,0,0,0,0,0,0,0,0,0,1,0,0,0,0,0,220,10583,4,27,"256
",0,0,0,0,0,0,0,0,0,0
1780572173.54842,0,0,1,1,0,0,0,1,0,0,858,228,0,1,0,0,0,1,0,0,0,0,0,0,0,0,0,0,0,1,0,0,0,0,0,220,10583,5,27,"257
",0,0,0,0,0,0,0,0,0,0
1780572174.050449,0,0,1,0,0,0,0,1,0,0,858,242,0,1,0,0,0,1,0,0,0,0,0,0,0,0,0,0,0,1,0,0,0,0,0,220,10583,0,27,"258
",0,0,0,0,0,0,0,0,0,0
1780572174.552478,0,0,1,0,0,0,0,1,0,0,858,227,0,1,0,0,0,1,0,0,0,0,0,0,0,0,0,0,0,1,0,0,0,0,0,220,10583,1,27,"259
",0,0,0,0,0,0,0,0,0,0
1780572175.054506,0,0,1,0,0,0,0,1,0,0,858,241,0,1,0,0,0,1,0,0,0,0,0,0,0,0,0,0,0,1,0,0,0,0,0,220,10583,2,27,"260
",0,0,0,0,0,0,0,0,0,0
1780572175.556535,0,0,1,0,0,0,0,1,0,0,859,241,0,1,0,0,0,1,0,0,0,0,0,0,0,0,0,0,0,1,0,0,0,0,0,220,10583,3,27,"261
",0,0,0,0,0,0,0,0,0,0
1780572176.058564,0,0,1,0,0,0,0,1,0,0,858,228,0,1,0,0,0,1,0,0,0,0,0,0,0,0,0,0,0,1,0,0,0,0,0,220,10583,4,27,"262
",0,0,0,0,0,0,0,0,0,0
1780572176.560592,0,0,1,1,0,0,0,1,0,0,858,241,0,1,0,0,0,1,0,0,0,0,0,0,0,0,0,0,0,1,0,0,0,0,0,220,10583,5,27,"263
",0,0,0,0,0,0,0,0,0,0
1780572177.062621,0,0,1,1,0,0,0,1,0,0,859,241,0,1,0,0,0,1,0,0,0,0,0,0,0,0,0,0,0,1,0,0,0,0,0,220,10583,0,27,"264
",0,0,0,0,0,0,0,0,0,0
1780572177.56465,0,0,1,1,0,0,0,1,0,0,858,243,0,1,0,0,0,1,0,0,0,0,0,0,0,0,0,0,0,1,0,0,0,0,0,220,10583,1,27,"265
",0,0,0,0,0,0,0,0,0,0
1780572178.066679,0,0,1,1,0,0,0,1,0,0,858,241,0,1,0,0,0,1,0,0,0,0,0,0,0,0,0,0,0,1,0,0,0,0,0,220,10583,2,27,"266
",0,0,0,0,0,0,0,0,0,0
1780572178.568707,0,0,1,0,0,0,0,1,0,0,859,229,0,1,0,0,0,1,0,0,0,0,0,0,0,0,0,0,0,1,0,0,0,0,0,220,10583,3,27,"267
",0,0,0,0,0,0,0,0,0,0
1780572179.070736,0,0,1,0,0,0,0,1,0,0,859,242,0,1,0,0,0,1,0,0,0,0,0,0,0,0,0,0,0,1,0,0,0,0,0,220,10583,4,27,"268
",0,0,0,0,0,0,0,0,0,0
1780572179.572765,0,0,1,0,0,0,0,1,0,0,858,228,0,1,0,0,0,1,0,0,0,0,0,0,0,0,0,0,0,1,0,0,0,0,0,220,10583,5,27,"269
",0,0,0,0,0,0,0,0,0,0
1780572180.074793,0,0,1,0,0,0,0,1,0,0,858,242,0,1,0,0,0,1,0,0,0,0,0,0,0,0,0,0,0,1,0,0,0,0,0,220,10583,0,27,"270
",0,0,0,0,0,0,0,0,0,0
1780572180.576822,0,0,1,0,0,0,0,1,0,0,858,243,0,1,0,0,0,1,0,0,0,0,0,0,0,0,0,0,0,1,0,0,0,0,0,220,10583,1,27,"271
",0,0,0,0,0,0,0,0,0,0
1780572181.078851,0,0,1,1,0,0,0,1,0,0,858,242,0,1,0,0,0,1,0,0,0,0,0,0,0,0,0,0,0,1,0,0,0,0,0,220,10583,2,27,"272
",0,0,0,0,0,0,0,0,0,0
1780572181.58088,0,0,1,1,0,0,0,1,0,0,859,242,0,1,0,0,0,1,0,0,0,0,0,0,0,0,0,0,0,1,0,0,0,0,0,220,10583,3,27,"273
",0,0,0,0,0,0,0,0,0,0
1780572182.082908,0,0,1,1,0,0,0,1,0,0,858,228,0,1,0,0,0,1,0,0,0,0,0,0,0,0,0,0,0,1,0,0,0,0,0,220,10583,4,27,"274
",0,0,0,0,0,0,0,0,0,0
1780572182.584937,0,0,1,1,0,0,0,1,0,0,858,242,0,1,0,0,0,1,0,0,0,0,0,0,0,0,0,0,0,1,0,0,0,0,0,220,10583,5,27,"275
",0,0,0,0,0,0,0,0,0,0
1780572183.086966,0,0,1,0,0,0,0,1,0,0,858,228,0,1,0,0,0,1,0,0,0,0,0,0,0,0,0,0,0,1,0,0,0,0,0,220,10583,0,27,"276
",0,0,0,0,0,0,0,0,0,0
1780572183.588994,0,0,1,0,0,0,0,1,0,0,858,243,0,1,0,0,0,1,0,0,0,0,0,0,0,0,0,0,0,1,0,0,0,0,0,220,10583,1,27,"277
",0,0,0,0,0,0,0,0,0,0
1780572184.091023,0,0,1,0,0,0,0,1,0,0,858,243,0,1,0,0,0,1,0,0,0,0,0,0,0,0,0,0,0,1,0,0,0,0,0,220,10583,2,27,"278
",0,0,0,0,0,0,0,0,0,0
1780572184.593052,0,0,1,0,0,0,0,1,0,0,859,242,0,1,0,0,0,1,0,0,0,0,0,0,0,0,0,0,0,1,0,0,0,0,0,220,10583,3,27,"279
",0,0,0,0,0,0,0,0,0,0
1780572185.095081,0,0,1,0,0,0,0,1,0,0,859,241,0,1,0,0,0,1,0,0,0,0,0,0,0,0,0,0,0,1,0,0,0,0,0,220,10583,4,27,"280
",0,0,0,0,0,0,0,0,0,0
1780572185.597109,0,0,1,1,0,0,0,1,0,0,858,243,0,1,0,0,0,1,0,0,0,0,0,0,0,0,0,0,0,1,0,0,0,0,0,220,10583,5,27,"281
",0,0,0,0,0,0,0,0,0,0
1780572186.100138,0,0,1,1,0,0,0,1,0,0,858,228,0,1,0,0,0,1,0,0,0,0,0,0,0,0,0,0,0,1,0,0,0,0,0,220,10583,0,27,"282
",0,0,0,0,0,0,0,0,0,0
1780572186.602167,0,0,1,1,0,0,0,1,0,0,858,242,0,1,0,0,0,1,0,0,0,0,0,0,0,0,0,0,0,1,0,0,0,0,0,220,10583,1,27,"283
",0,0,0,0,0,0,0,0,0,0
1780572187.104196,0,0,1,0,0,0,0,1,0,0,859,240,0,1,0,0,0,1,0,0,0,0,0,0,0,0,0,0,0,1,0,0,0,0,0,220,10583,2,27,"284
",0,0,0,0,0,0,0,0,0,0
1780572187.606224,0,0,1,0,0,0,0,1,0,0,859,241,0,1,0,0,0,1,0,0,0,0,0,0,0,0,0,0,0,1,0,0,0,0,0,220,10583,3,27,"285
",0,0,0,0,0,0,0,0,0,0
1780572188.108253,0,0,1,0,0,0,0,1,0,0,858,243,0,1,0,0,0,1,0,0,0,0,0,0,0,0,0,0,0,1,0,0,0,0,0,220,10583,4,27,"286
",0,0,0,0,0,0,0,0,0,0
1780572188.610282,0,0,1,0,0,0,0,1,0,0,858,229,0,1,0,0,0,1,0,0,0,0,0,0,0,0,0,0,0,1,0,0,0,0,0,220,10583,5,27,"287
",0,0,0,0,0,0,0,0,0,0
1780572189.11231,0,0,1,0,0,0,0,1,0,0,858,242,0,1,0,0,0,1,0,0,0,0,0,0,0,0,0,0,0,1,0,0,0,0,0,220,10583,0,27,"288
",0,0,0,0,0,0,0,0,0,0
1780572189.614339,0,0,1,1,0,0,0,1,0,0,858,242,0,1,0,0,0,1,0,0,0,0,0,0,0,0,0,0,0,1,0,0,0,0,0,220,10583,1,27,"289
",0,0,0,0,0,0,0,0,0,0
1780572190.116368,0,0,1,1,0,0,0,1,0,0,858,242,0,1,0,0,0,1,0,0,0,0,0,0,0,0,0,0,0,1,0,0,0,0,0,220,10583,2,27,"290
",0,0,0,0,0,0,0,0,0,0
1780572190.618397,0,0,1,1,0,0,0,1,0,0,859,241,0,1,0,0,0,1,0,0,0,0,0,0,0,0,0,0,0,1,0,0,0,0,0,220,10583,3,27,"291
",0,0,0,0,0,0,0,0,0,0
1780572191.120425,0,0,1,1,0,0,0,1,0,0,858,242,0,1,0,0,0,1,0,0,0,0,0,0,0,0,0,0,0,1,0,0,0,0,0,220,10583,4,27,"292
",0,0,0,0,0,0,0,0,0,0
1780572191.622454,0,0,1,0,0,0,0,1,0,0,857,242,0,1,0,0,0,1,0,0,0,0,0,0,0,0,0,0,0,1,0,0,0,0,0,220,10583,5,27,"293
",0,0,0,0,0,0,0,0,0,0
1780572192.124483,0,0,1,0,0,0,0,1,0,0,858,229,0,1,0,0,0,1,0,0,0,0,0,0,0,0,0,0,0,1,0,0,0,0,0,220,10583,0,27,"294
",0,0,0,0,0,0,0,0,0,0
1780572192.626511,0,0,1,0,0,0,0,1,0,0,858,242,0,1,0,0,0,1,0,0,0,0,0,0,0,0,0,0,0,1,0,0,0,0,0,220,10583,1,27,"295
",0,0,0,0,0,0,0,0,0,0
1780572193.12854,0,0,1,0,0,0,0,1,0,0,858,211,0,1,0,0,0,1,0,0,0,0,0,0,0,0,0,0,0,1,0,0,0,0,0,220,10583,2,27,"296
",0,0,0,0,0,0,0,0,0,0
1780572193.630569,0,0,1,0,0,0,0,1,0,0,859,243,0,1,0,0,0,1,0,0,0,0,0,0,0,0,0,0,0,1,0,0,0,0,0,220,10583,3,27,"297
",0,0,0,0,0,0,0,0,0,0
1780572194.132598,0,0,1,1,0,0,0,1,0,0,858,243,0,1,0,0,0,1,0,0,0,0,0,0,0,0,0,0,0,1,0,0,0,1,1,220,10583,4,27,"298
",0,0,0,0,0,0,0,0,0,0
1780572194.634626,0,0,1,1,0,0,0,1,0,0,858,243,0,1,0,0,0,1,0,0,0,0,0,0,0,0,0,0,0,1,0,0,0,0,0,220,10583,5,27,"299
",0,0,0,0,0,0,0,0,0,0
1780572195.136655,0,0,1,1,0,0,0,1,0,0,858,241,0,1,0,0,0,1,0,0,0,0,0,0,0,0,0,0,0,1,0,0,0,0,0,220,10583,0,27,"300
",0,0,0,0,0,0,0,0,0,0
1780572195.639684,0,0,1,1,0,0,0,1,0,0,858,228,0,1,0,0,0,1,0,0,0,0,0,0,0,0,0,0,0,1,0,0,0,0,0,220,10583,1,27,"301
",0,0,0,0,0,0,0,0,0,0
1780572196.141712,0,0,1,0,0,0,0,1,0,0,858,228,0,1,0,0,0,1,0,0,0,0,0,0,0,0,0,0,0,1,0,0,0,0,0,220,10583,2,27,"302
",0,0,0,0,0,0,0,0,0,0
1780572196.643741,0,0,1,0,0,0,0,1,0,0,859,241,0,1,0,0,0,1,0,0,0,0,0,0,0,0,0,0,0,1,0,0,0,0,0,220,10583,3,27,"303
",0,0,0,0,0,0,0,0,0,0
1780572197.14577,0,0,1,0,0,0,0,1,0,0,858,241,0,1,0,0,0,1,0,0,0,0,0,0,0,0,0,0,0,1,0,0,0,0,0,220,10583,4,27,"304
",0,0,0,0,0,0,0,0,0,0
1780572197.647799,0,0,1,0,0,0,0,1,0,0,858,242,0,1,0,0,0,1,0,0,0,0,0,0,0,0,0,0,0,1,0,0,0,0,0,220,10583,5,27,"305
",0,0,0,0,0,0,0,0,0,0
1780572198.149827,0,0,1,0,0,0,0,1,0,0,858,227,0,1,0,0,0,1,0,0,0,0,0,0,0,0,0,0,0,1,0,0,0,0,0,220,10583,0,27,"306
",0,0,0,0,0,0,0,0,0,0
1780572198.651856,0,0,1,1,0,0,0,1,0,0,858,241,0,1,0,0,0,1,0,0,0,0,0,0,0,0,0,0,0,1,0,0,0,0,0,220,10583,1,27,"307
",0,0,0,0,0,0,0,0,0,0
1780572199.153885,0,0,1,1,0,0,0,1,0,0,858,242,0,1,0,0,0,1,0,0,0,0,0,0,0,0,0,0,0,1,0,0,0,0,0,220,10583,2,27,"308
",0,0,0,0,0,0,0,0,0,0
1780572199.655913,0,0,1,1,0,0,0,1,0,0,859,243,0,1,0,0,0,1,0,0,0,0,0,0,0,0,0,0,0,1,0,0,0,0,0,220,10583,3,27,"309
",0,0,0,0,0,0,0,0,0,0
1780572200.157942,0,0,1,1,0,0,0,1,0,0,858,241,0,1,0,0,0,1,0,0,0,0,0,0,0,0,0,0,0,1,0,0,0,0,0,220,10583,4,27,"310
",0,0,0,0,0,0,0,0,0,0
1780572200.659971,0,0,1,0,0,0,0,1,0,0,858,228,0,1,0,0,0,1,0,0,0,0,0,0,0,0,0,0,0,1,0,0,0,0,0,220,10583,5,27,"311
",0,0,0,0,0,0,0,0,0,0
1780572201.162,0,0,1,0,0,0,0,1,0,0,858,242,0,1,0,0,0,1,0,0,0,0,0,0,0,0,0,0,0,1,0,0,0,0,0,220,10583,0,27,"312
",0,0,0,0,0,0,0,0,0,0
1780572201.664028,0,0,1,0,0,0,0,1,0,0,858,227,0,1,0,0,0,1,0,0,0,0,0,0,0,0,0,0,0,1,0,0,0,0,0,220,10583,1,27,"313
",0,0,0,0,0,0,0,0,0,0
1780572202.166057,0,0,1,0,0,0,0,1,0,0,858,242,0,1,0,0,0,1,0,0,0,0,0,0,0,0,0,0,0,1,0,0,0,0,0,220,10583,2,27,"314
",0,0,0,0,0,0,0,0,0,0
1780572202.669086,0,0,1,0,0,0,0,1,0,0,859,243,0,1,0,0,0,1,0,0,0,0,0,0,0,0,0,0,0,1,0,0,0,0,0,220,10583,3,27,"315
",0,0,0,0,0,0,0,0,0,0
1780572203.171115,0,0,1,1,0,0,0,1,0,0,858,241,0,1,0,0,0,1,0,0,0,0,0,0,0,0,0,0,0,1,0,0,0,0,0,220,10583,4,27,"316
",0,0,0,0,0,0,0,0,0,0
1780572203.673143,0,0,1,1,0,0,0,1,0,0,858,242,0,1,0,0,0,1,0,0,0,0,0,0,0,0,0,0,0,1,0,0,0,0,0,220,10583,5,27,"317
",0,0,0,0,0,0,0,0,0,0
1780572204.175172,0,0,1,1,0,0,0,1,0,0,859,228,0,1,0,0,0,1,0,0,0,0,0,0,0,0,0,0,0,1,0,0,0,0,0,220,10583,0,27,"318
",0,0,0,0,0,0,0,0,0,0
1780572204.677201,0,0,1,1,0,0,0,1,0,0,858,241,0,1,0,0,0,1,0,0,0,0,0,0,0,0,0,0,0,1,0,0,0,0,0,220,10583,1,27,"319
",0,0,0,0,0,0,0,0,0,0
1780572205.179229,0,0,1,0,0,0,0,1,0,0,858,243,0,1,0,0,0,1,0,0,0,0,0,0,0,0,0,0,0,1,0,0,0,0,0,220,10583,2,27,"320
",0,0,0,0,0,0,0,0,0,0
1780572205.681258,0,0,1,0,0,0,0,1,0,0,859,241,0,1,0,0,0,1,0,0,0,0,0,0,0,0,0,0,0,1,0,0,0,0,0,220,10583,3,27,"321
",0,0,0,0,0,0,0,0,0,0
1780572206.183287,0,0,1,0,0,0,0,1,0,0,858,242,0,1,0,0,0,1,0,0,0,0,0,0,0,0,0,0,0,1,0,0,0,0,0,220,10583,4,27,"322
",0,0,0,0,0,0,0,0,0,0
1780572206.685316,0,0,1,0,0,0,0,1,0,0,858,228,0,1,0,0,0,1,0,0,0,0,0,0,0,0,0,0,0,1,0,0,0,0,0,220,10583,5,27,"323
",0,0,0,0,0,0,0,0,0,0
1780572207.187344,0,0,1,0,0,0,0,1,0,0,858,243,0,1,0,0,0,1,0,0,0,0,0,0,0,0,0,0,0,1,0,0,0,0,0,220,10583,0,27,"324
",0,0,0,0,0,0,0,0,0,0
1780572207.689373,0,0,1,1,0,0,0,1,0,0,858,242,0,1,0,0,0,1,0,0,0,0,0,0,0,0,0,0,0,1,0,0,0,0,0,220,10583,1,27,"325
",0,0,0,0,0,0,0,0,0,0
1780572208.191402,0,0,1,1,0,0,0,1,0,0,859,241,0,1,0,0,0,1,0,0,0,0,0,0,0,0,0,0,0,1,0,0,0,0,0,220,10583,2,27,"326
",0,0,0,0,0,0,0,0,0,0
1780572208.695431,0,0,1,1,0,0,0,1,0,0,859,242,0,1,0,0,0,1,0,0,0,0,0,0,0,0,0,0,0,1,0,0,0,0,0,220,10583,3,27,"327
",0,0,0,0,0,0,0,0,0,0
1780572209.197459,0,0,1,0,0,0,0,1,0,0,859,242,0,1,0,0,0,1,0,0,0,0,0,0,0,0,0,0,0,1,0,0,0,0,0,220,10583,4,27,"328
",0,0,0,0,0,0,0,0,0,0
1780572209.699488,0,0,1,0,0,0,0,1,0,0,858,243,0,1,0,0,0,1,0,0,0,0,0,0,0,0,0,0,0,1,0,0,0,0,0,220,10583,5,27,"329
",0,0,0,0,0,0,0,0,0,0
1780572210.201517,0,0,1,0,0,0,0,1,0,0,859,241,0,1,0,0,0,1,0,0,0,0,0,0,0,0,0,0,0,1,0,0,0,0,0,220,10583,0,27,"330
",0,0,0,0,0,0,0,0,0,0
1780572210.703545,0,0,1,0,0,0,0,1,0,0,858,241,0,1,0,0,0,1,0,0,0,0,0,0,0,0,0,0,0,1,0,0,0,0,0,220,10583,1,27,"331
",0,0,0,0,0,0,0,0,0,0
1780572211.205574,0,0,1,0,0,0,0,1,0,0,858,243,0,1,0,0,0,1,0,0,0,0,0,0,0,0,0,0,0,1,0,0,0,0,0,220,10583,2,27,"332
",0,0,0,0,0,0,0,0,0,0
1780572211.707603,0,0,1,1,0,0,0,1,0,0,859,228,0,1,0,0,0,1,0,0,0,0,0,0,0,0,0,0,0,1,0,0,0,0,0,220,10583,3,27,"333
",0,0,0,0,0,0,0,0,0,0
1780572212.209632,0,0,1,1,0,0,0,1,0,0,859,243,0,1,0,0,0,1,0,0,0,0,0,0,0,0,0,0,0,1,0,0,0,0,0,220,10583,4,27,"334
",0,0,0,0,0,0,0,0,0,0
1780572212.71166,0,0,1,1,0,0,0,1,0,0,858,243,0,1,0,0,0,1,0,0,0,0,0,0,0,0,0,0,0,1,0,0,0,0,0,220,10583,5,27,"335
",0,0,0,0,0,0,0,0,0,0
1780572213.213689,0,0,1,1,0,0,0,1,0,0,858,242,0,1,0,0,0,1,0,0,0,0,0,0,0,0,0,0,0,1,0,0,0,0,0,220,10583,0,27,"336
",0,0,0,0,0,0,0,0,0,0
1780572213.715718,0,0,1,0,0,0,0,1,0,0,858,242,0,1,0,0,0,1,0,0,0,0,0,0,0,0,0,0,0,1,0,0,0,0,0,220,10583,1,27,"337
",0,0,0,0,0,0,0,0,0,0
1780572214.217746,0,0,1,0,0,0,0,1,0,0,858,243,0,1,0,0,0,1,0,0,0,0,0,0,0,0,0,0,0,1,0,0,0,0,0,220,10583,2,27,"338
",0,0,0,0,0,0,0,0,0,0
1780572214.719775,0,0,1,0,0,0,0,1,0,0,859,241,0,1,0,0,0,1,0,0,0,0,0,0,0,0,0,0,0,1,0,0,0,0,0,220,10583,3,27,"339
",0,0,0,0,0,0,0,0,0,0
1780572215.221804,0,0,1,0,0,0,0,1,0,0,858,228,0,1,0,0,0,1,0,0,0,0,0,0,0,0,0,0,0,1,0,0,0,0,0,220,10583,4,27,"340
",0,0,0,0,0,0,0,0,0,0
1780572215.723833,0,0,1,1,0,0,0,1,0,0,858,243,0,1,0,0,0,1,0,0,0,0,0,0,0,0,0,0,0,1,0,0,0,0,0,220,10583,5,27,"341
",0,0,0,0,0,0,0,0,0,0
1780572216.225861,0,0,1,1,0,0,0,1,0,0,858,242,0,1,0,0,0,1,0,0,0,0,0,0,0,0,0,0,0,1,0,0,0,0,0,220,10583,0,27,"342
",0,0,0,0,0,0,0,0,0,0
1780572216.72789,0,0,1,1,0,0,0,1,0,0,858,243,0,1,0,0,0,1,0,0,0,0,0,0,0,0,0,0,0,1,0,0,0,0,0,220,10583,1,27,"343
",0,0,0,0,0,0,0,0,0,0
1780572217.229919,0,0,1,1,0,0,0,1,0,0,857,241,0,1,0,0,0,1,0,0,0,0,0,0,0,0,0,0,0,1,0,0,0,0,0,220,10583,2,27,"344
",0,0,0,0,0,0,0,0,0,0
1780572217.731947,0,0,1,0,0,0,0,1,0,0,859,241,0,1,0,0,0,1,0,0,0,0,0,0,0,0,0,0,0,1,0,0,0,0,0,220,10583,3,27,"345
",0,0,0,0,0,0,0,0,0,0
1780572218.233976,0,0,1,0,0,0,0,1,0,0,858,241,0,1,0,0,0,1,0,0,0,0,0,0,0,0,0,0,0,1,0,0,0,0,0,220,10583,4,27,"346
",0,0,0,0,0,0,0,0,0,0
1780572218.736005,0,0,1,0,0,0,0,1,0,0,858,243,0,1,0,0,0,1,0,0,0,0,0,0,0,0,0,0,0,1,0,0,0,0,0,220,10583,5,27,"347
",0,0,0,0,0,0,0,0,0,0
1780572219.238034,0,0,1,0,0,0,0,1,0,0,859,243,0,1,0,0,0,1,0,0,0,0,0,0,0,0,0,0,0,1,0,0,0,0,0,220,10583,0,27,"348
",0,0,0,0,0,0,0,0,0,0
1780572219.740062,0,0,1,0,0,0,0,1,0,0,858,242,0,1,0,0,0,1,0,0,0,0,0,0,0,0,0,0,0,1,0,0,0,0,0,220,10583,1,27,"349
",0,0,0,0,0,0,0,0,0,0
1780572220.242091,0,0,1,1,0,0,0,1,0,0,858,242,0,1,0,0,0,1,0,0,0,0,0,0,0,0,0,0,0,1,0,0,0,0,0,220,10583,2,27,"350
",0,0,0,0,0,0,0,0,0,0
1780572220.74412,0,0,1,1,0,0,0,1,0,0,859,242,0,1,0,0,0,1,0,0,0,0,0,0,0,0,0,0,0,1,0,0,0,0,0,220,10583,3,27,"351
",0,0,0,0,0,0,0,0,0,0
1780572221.246148,0,0,1,1,0,0,0,1,0,0,858,241,0,1,0,0,0,1,0,0,0,0,0,0,0,0,0,0,0,1,0,0,0,0,0,220,10583,4,27,"352
",0,0,0,0,0,0,0,0,0,0
1780572221.748177,0,0,1,0,0,0,0,1,0,0,858,229,0,1,0,0,0,1,0,0,0,0,0,0,0,0,0,0,0,1,0,0,0,0,0,220,10583,5,27,"353
",0,0,0,0,0,0,0,0,0,0
1780572222.250206,0,0,1,0,0,0,0,1,0,0,858,243,0,1,0,0,0,1,0,0,0,0,0,0,0,0,0,0,0,1,0,0,0,0,0,220,10583,0,27,"354
",0,0,0,0,0,0,0,0,0,0
1780572222.752235,0,0,1,0,0,0,0,1,0,0,859,241,0,1,0,0,0,1,0,0,0,0,0,0,0,0,0,0,0,1,0,0,0,0,0,220,10583,1,27,"355
",0,0,0,0,0,0,0,0,0,0
1780572223.254263,0,0,1,0,0,0,0,1,0,0,858,241,0,1,0,0,0,1,0,0,0,0,0,0,0,0,0,0,0,1,0,0,0,0,0,220,10583,2,27,"356
",0,0,0,0,0,0,0,0,0,0
1780572223.756292,0,0,1,0,0,0,0,1,0,0,859,242,0,1,0,0,0,1,0,0,0,0,0,0,0,0,0,0,0,1,0,0,0,0,0,220,10583,3,27,"357
",0,0,0,0,0,0,0,0,0,0
1780572224.258321,0,0,1,1,0,0,0,1,0,0,858,243,0,1,0,0,0,1,0,0,0,0,0,0,0,0,0,0,0,1,0,0,0,0,0,220,10583,4,27,"358
",0,0,0,0,0,0,0,0,0,0
1780572224.760349,0,0,1,1,0,0,0,1,0,0,859,241,0,1,0,0,0,1,0,0,0,0,0,0,0,0,0,0,0,1,0,0,0,0,0,220,10583,5,27,"359
",0,0,0,0,0,0,0,0,0,0
1780572225.262378,0,0,1,1,0,0,0,1,0,0,858,242,0,1,0,0,0,1,0,0,0,0,0,0,0,0,0,0,0,1,0,0,0,0,0,220,10583,0,27,"360
",0,0,0,0,0,0,0,0,0,0
1780572225.764407,0,0,1,1,0,0,0,1,0,0,858,242,0,1,0,0,0,1,0,0,0,0,0,0,0,0,0,0,0,1,0,0,0,0,0,220,10583,1,27,"361
",0,0,0,0,0,0,0,0,0,0
1780572226.266436,0,0,1,0,0,0,0,1,0,0,858,243,0,1,0,0,0,1,0,0,0,0,0,0,0,0,0,0,0,1,0,0,0,0,0,220,10583,2,27,"362
",0,0,0,0,0,0,0,0,0,0
1780572226.768464,0,0,1,0,0,0,0,1,0,0,859,242,0,1,0,0,0,1,0,0,0,0,0,0,0,0,0,0,0,1,0,0,0,0,0,220,10583,3,27,"363
",0,0,0,0,0,0,0,0,0,0
1780572227.270493,0,0,1,0,0,0,0,1,0,0,858,242,0,1,0,0,0,1,0,0,0,0,0,0,0,0,0,0,0,1,0,0,0,0,0,220,10583,4,27,"364
",0,0,0,0,0,0,0,0,0,0
1780572227.772522,0,0,1,0,0,0,0,1,0,0,858,229,0,1,0,0,0,1,0,0,0,0,0,0,0,0,0,0,0,1,0,0,0,0,0,220,10583,5,27,"365
",0,0,0,0,0,0,0,0,0,0
1780572228.27455,0,0,1,1,0,0,0,1,0,0,858,243,0,1,0,0,0,1,0,0,0,0,0,0,0,0,0,0,0,1,0,0,0,0,0,220,10583,0,27,"366
",0,0,0,0,0,0,0,0,0,0
1780572228.776579,0,0,1,1,0,0,0,1,0,0,858,242,0,1,0,0,0,1,0,0,0,0,0,0,0,0,0,0,0,1,0,0,0,0,0,220,10583,1,27,"367
",0,0,0,0,0,0,0,0,0,0
1780572229.278608,0,0,1,1,0,0,0,1,0,0,858,243,0,1,0,0,0,1,0,0,0,0,0,0,0,0,0,0,0,1,0,0,0,0,0,220,10583,2,27,"368
",0,0,0,0,0,0,0,0,0,0
1780572229.780637,0,0,1,1,0,0,0,1,0,0,859,241,0,1,0,0,0,1,0,0,0,0,0,0,0,0,0,0,0,1,0,0,0,0,0,220,10583,3,27,"369
",0,0,0,0,0,0,0,0,0,0
1780572230.282665,0,0,1,0,0,0,0,1,0,0,858,242,0,1,0,0,0,1,0,0,0,0,0,0,0,0,0,0,0,1,0,0,0,0,0,220,10583,4,27,"370
",0,0,0,0,0,0,0,0,0,0
1780572230.784694,0,0,1,0,0,0,0,1,0,0,858,242,0,1,0,0,0,1,0,0,0,0,0,0,0,0,0,0,0,1,0,0,0,0,0,220,10583,5,27,"371
",0,0,0,0,0,0,0,0,0,0
1780572231.286723,0,0,1,0,0,0,0,1,0,0,858,241,0,1,0,0,0,1,0,0,0,0,0,0,0,0,0,0,0,1,0,0,0,0,0,220,10583,0,27,"372
",0,0,0,0,0,0,0,0,0,0
1780572231.788751,0,0,1,0,0,0,0,1,0,0,858,242,0,1,0,0,0,1,0,0,0,0,0,0,0,0,0,0,0,1,0,0,0,0,0,220,10583,1,27,"373
",0,0,0,0,0,0,0,0,0,0
1780572232.29078,0,0,1,0,0,0,0,1,0,0,858,243,0,1,0,0,0,1,0,0,0,0,0,0,0,0,0,0,0,1,0,0,0,0,0,220,10583,2,27,"374
",0,0,0,0,0,0,0,0,0,0
1780572232.792809,0,0,1,1,0,0,0,1,0,0,859,228,0,1,0,0,0,1,0,0,0,0,0,0,0,0,0,0,0,1,0,0,0,0,0,220,10583,3,27,"375
",0,0,0,0,0,0,0,0,0,0
1780572233.294838,0,0,1,1,0,0,0,1,0,0,858,241,0,1,0,0,0,1,0,0,0,0,0,0,0,0,0,0,0,1,0,0,0,0,0,220,10583,4,27,"376
",0,0,0,0,0,0,0,0,0,0
1780572233.796866,0,0,1,1,0,0,0,1,0,0,858,242,0,1,0,0,0,1,0,0,0,0,0,0,0,0,0,0,0,1,0,0,0,0,0,220,10583,5,27,"377
",0,0,0,0,0,0,0,0,0,0
1780572234.298895,0,0,1,1,0,0,0,1,0,0,858,241,0,1,0,0,0,1,0,0,0,0,0,0,0,0,0,0,0,1,0,0,0,0,0,220,10583,0,27,"378
",0,0,0,0,0,0,0,0,0,0
1780572234.800924,0,0,1,0,0,0,0,1,0,0,857,243,0,1,0,0,0,1,0,0,0,0,0,0,0,0,0,0,0,1,0,0,0,0,0,220,10583,1,27,"379
",0,0,0,0,0,0,0,0,0,0
1780572235.302952,0,0,1,0,0,0,0,1,0,0,858,228,0,1,0,0,0,1,0,0,0,0,0,0,0,0,0,0,0,1,0,0,0,0,0,220,10583,2,27,"380
",0,0,0,0,0,0,0,0,0,0
1780572235.804981,0,0,1,0,0,0,0,1,0,0,859,242,0,1,0,0,0,1,0,0,0,0,0,0,0,0,0,0,0,1,0,0,0,0,0,220,10583,3,27,"381
",0,0,0,0,0,0,0,0,0,0
1780572236.30701,0,0,1,0,0,0,0,1,0,0,858,228,0,1,0,0,0,1,0,0,0,0,0,0,0,0,0,0,0,1,0,0,0,0,0,220,10583,4,27,"382
",0,0,0,0,0,0,0,0,0,0
1780572236.809039,0,0,1,1,0,0,0,1,0,0,858,243,0,1,0,0,0,1,0,0,0,0,0,0,0,0,0,0,0,1,0,0,0,0,0,220,10583,5,27,"383
",0,0,0,0,0,0,0,0,0,0
1780572237.311067,0,0,1,1,0,0,0,1,0,0,858,241,0,1,0,0,0,1,0,0,0,0,0,0,0,0,0,0,0,1,0,0,0,0,0,220,10583,0,27,"384
",0,0,0,0,0,0,0,0,0,0
1780572237.813096,0,0,1,1,0,0,0,1,0,0,858,229,0,1,0,0,0,1,0,0,0,0,0,0,0,0,0,0,0,1,0,0,0,0,0,220,10583,1,27,"385
",0,0,0,0,0,0,0,0,0,0
1780572238.315125,0,0,1,1,0,0,0,1,0,0,858,242,0,1,0,0,0,1,0,0,0,0,0,0,0,0,0,0,0,1,0,0,0,0,0,220,10583,2,27,"386
",0,0,0,0,0,0,0,0,0,0
1780572238.817153,0,0,1,0,0,0,0,1,0,0,859,241,0,1,0,0,0,1,0,0,0,0,0,0,0,0,0,0,0,1,0,0,0,0,0,220,10583,3,27,"387
",0,0,0,0,0,0,0,0,0,0
1780572239.319182,0,0,1,0,0,0,0,1,0,0,858,242,0,1,0,0,0,1,0,0,0,0,0,0,0,0,0,0,0,1,0,0,0,0,0,220,10583,4,27,"388
",0,0,0,0,0,0,0,0,0,0
1780572239.821211,0,0,1,0,0,0,0,1,0,0,858,243,0,1,0,0,0,1,0,0,0,0,0,0,0,0,0,0,0,1,0,0,0,0,0,220,10583,5,27,"389
",0,0,0,0,0,0,0,0,0,0
1780572240.32324,0,0,1,0,0,0,0,1,0,0,858,229,0,1,0,0,0,1,0,0,0,0,0,0,0,0,0,0,0,1,0,0,0,0,0,220,10583,0,27,"390
",0,0,0,0,0,0,0,0,0,0
1780572240.825268,0,0,1,0,0,0,0,1,0,0,858,243,0,1,0,0,0,1,0,0,0,0,0,0,0,0,0,0,0,1,0,0,0,0,0,220,10583,1,27,"391
",0,0,0,0,0,0,0,0,0,0
1780572241.327297,0,0,1,1,0,0,0,1,0,0,858,241,0,1,0,0,0,1,0,0,0,0,0,0,0,0,0,0,0,1,0,0,0,0,0,220,10583,2,27,"392
",0,0,0,0,0,0,0,0,0,0
1780572241.829326,0,0,1,1,0,0,0,1,0,0,858,241,0,1,0,0,0,1,0,0,0,0,0,0,0,0,0,0,0,1,0,0,0,0,0,220,10583,3,27,"393
",0,0,0,0,0,0,0,0,0,0
1780572242.331354,0,0,1,1,0,0,0,1,0,0,858,243,0,1,0,0,0,1,0,0,0,0,0,0,0,0,0,0,0,1,0,0,0,0,0,220,10583,4,27,"394
",0,0,0,0,0,0,0,0,0,0
1780572242.833383,0,0,1,1,0,0,0,1,0,0,858,241,0,1,0,0,0,1,0,0,0,0,0,0,0,0,0,0,0,1,0,0,0,0,0,220,10583,5,27,"395
",0,0,0,0,0,0,0,0,0,0
1780572243.335412,0,0,1,0,0,0,0,1,0,0,858,242,0,1,0,0,0,1,0,0,0,0,0,0,0,0,0,0,0,1,0,0,0,0,0,220,10583,0,27,"396
",0,0,0,0,0,0,0,0,0,0
1780572243.837441,0,0,1,0,0,0,0,1,0,0,858,241,0,1,0,0,0,1,0,0,0,0,0,0,0,0,0,0,0,1,0,0,0,0,0,220,10583,1,27,"397
",0,0,0,0,0,0,0,0,0,0
1780572244.339469,0,0,1,0,0,0,0,1,0,0,858,243,0,1,0,0,0,1,0,0,0,0,0,0,0,0,0,0,0,1,0,0,0,0,0,220,10583,2,27,"398
",0,0,0,0,0,0,0,0,0,0
1780572244.841498,0,0,1,0,0,0,0,1,0,0,859,242,0,1,0,0,0,1,0,0,0,0,0,0,0,0,0,0,0,1,0,0,0,0,0,220,10583,3,27,"399
",0,0,0,0,0,0,0,0,0,0
